0.886957,1.79663,0.562873,167.632,1.10985,0.702703,0.00840221,162.841,34.785,0.105585,4.05934,2,5.78448,0.762724,0.213296,2.26385,1.72942,3.36792,0.937255,0.505882,844,0
0.958333,2.49609,0.572162,158.628,1.06984,0.961538,0.0163513,70.8061,16.4355,0.205477,9.0715,2,5.2321,0.846866,0.330065,2.29687,1.72365,3.14886,0.807843,0.345098,407,0
1.09174,1.39582,0.4931,51.3525,1.35072,1.74194,0.00778916,118.898,30.8844,0.0978815,3.75282,2,6.21257,0.449899,0.261016,2.20408,1.7415,3.92373,1,0.552941,12349,1
0.829457,1.41393,0.619829,35.3595,1.59961,0.616667,0.00780618,172.52,37.0572,0.0980954,2.69483,2,8.68983,0.702812,0.188366,2.20408,1.73537,3.62317,0.901961,0.486275,2075,1
1.03,1.93056,0.51568,47.2921,1.70623,0.842105,0.010533,137.659,28.5596,0.132362,4.66533,1,7.15187,0.79215,0.25614,2.23299,1.72942,4.32591,0.85098,0.427451,2358,0
2.29825,0.907691,0.528459,88.8056,2.48025,0,0.013211,165.823,26.8978,0.166015,6.90244,0,0.339811,0.483442,0.254545,0,1.72942,4.32591,0.509804,0.486275,2101,1
0.863636,1.27163,0.547799,153.691,1.36369,1.05263,0.00612424,161.931,40.52,0.0769594,2.93586,2,3.50153,0.63634,0.260869,2.29688,1.72942,3.36792,0.682353,0.435294,3692,1
1.00847,1.62585,0.634418,136.976,1.03293,0.6,0.00672587,146.776,36.5363,0.0845197,2.73014,2,8.1979,0.696741,0.171694,2.20408,1.72942,3.36792,0.964706,0.65098,0,0
1.38636,1.5313,0.581641,84.2395,1.43945,0,0.00653912,99.2426,30.4744,0.082173,3.85175,0,5.01581,0.692199,0.258823,2.26385,1.72365,3.53021,0.760784,0.494118,5254,0
0.709459,1.89406,0.590605,169.62,1.42825,0.911111,0.00613471,131.518,36.3446,0.0770911,2.40157,2,8.72632,0.837868,0.23833,2.20408,1.72942,3.36792,0.890196,0.545098,2310,0
1.0431,1.39963,0.616486,43.29,1.37042,0.829268,0.00698027,118.864,32.6101,0.0877167,2.57853,2,6.85822,0.686932,0.189119,2.23299,1.72942,3.36792,0.960784,0.607843,1091,1
0.954198,1.34609,0.665557,134.506,1.06262,1.14286,0.00567665,149.589,40.3822,0.0713349,1.86472,0,9.18535,0.806466,0.129931,2.20408,1.7415,3.0548,0.890196,0.658824,3860,0
1.74713,1.07157,0.513649,110.869,2.62618,1.64286,0.0097731,160.838,30.9562,0.122812,3.6659,2,6.54553,0.716061,0.385366,2.23299,1.7415,4.50428,0.913725,0.584314,1733,1
1.22759,1.21231,0.658272,81.3709,1.30889,0,0.00310116,183.03,60.7291,0.0389703,0.876303,0,11.7702,0.544867,0.650486,2.12742,1.72365,2.31345,1,1,3503,1
1.34043,1.04304,0.694993,74.0654,1.44369,0,0.00809221,131.093,31.5254,0.10169,2.82572,0,3.79893,0.306967,0.163435,2.23299,1.72942,4.32591,0.607843,0.537255,7144,0
1.13274,1.56088,0.646675,70.6353,1.22918,0,0.00641586,132.883,35.9758,0.080624,2.47453,2,5.16028,0.405891,0.192489,2.23299,1.72942,3.0041,0.811765,0.513725,470,0
1.06723,1.56547,0.567492,131.06,1.91295,1.51282,0.00747429,154.003,35.784,0.0939247,2.68015,2,9.29014,0.681983,0.170985,2.17695,1.7415,3.44859,0.956863,0.505882,0,1
0.594203,1.93244,0.544495,8.6991,1.78926,0.538462,0.00657541,88.8682,29.0186,0.0826291,3.62329,2,6.25486,0.53037,0.367187,2.23299,1.72365,3.14886,0.913725,0.494118,1322,0
1,1.0083,0.584418,137.737,1.39926,0,0.00894135,121.669,29.0877,0.11236,4.52901,2,4.7941,0.694757,0.221311,2.23299,1.72942,3.36792,0.847059,1,6430,0
1.1573,2.03039,0.547616,69.0505,1.41576,1.33333,0.0111762,156.996,29.4,0.140445,5.18675,2,6.82834,0.78397,0.185507,2.23299,1.72942,4.32591,0.811765,0.427451,1121,0
1.10345,1.39353,0.579236,111.546,1.10265,1.4,0.00673529,167.008,39.349,0.0846381,2.58725,0,8.94694,0.746122,0.161125,2.20408,1.72942,3.80207,0.980392,0.701961,1779,1
1,1.26679,0.610104,131.337,1.0467,1.04878,0.00565816,142.8,39.6359,0.0711025,2.4805,2,7.56812,0.632155,0.245283,2.20408,1.72365,3.14886,0.886275,0.521569,6253,1
0.923077,1.2423,0.649494,178.227,1.04927,1.10714,0.00695416,155.873,37.3144,0.0873886,2.8158,2,5.08247,0.613315,0.202216,2.26385,1.72942,3.36792,0.839216,0.501961,787,1
1.14894,1.79988,0.549202,126.531,1.45208,1.29167,0.00964511,115.317,27.3341,0.121204,4.71933,2,5.23594,0.828721,0.271642,2.26385,1.72942,3.36792,0.815686,0.427451,0,0
1.125,1.56723,0.588577,116.38,1.21006,0.863636,0.0300623,90.5701,13.4956,0.377774,13.8284,2,3.7327,0.845406,0.235537,2.33229,1.73537,4.73231,0.796078,0.462745,12676,0
1.0354,1.04991,0.605476,116.014,1.06454,1.05405,0.00679097,158.85,37.8828,0.0853379,2.86589,4,7.51681,0.7718,0.195711,2.23299,1.72942,3.36792,0.862745,0.572549,5327,1
1.41935,1.36768,0.539549,117.449,2.23469,1,0.00972207,92.5756,24.17,0.122171,3.54291,2,5.3185,0.804705,0.297298,2.26385,1.72365,3.14886,0.984314,0.952941,374,1
1.104,1.494,0.481826,130.801,1.62911,2.64286,0.00775274,116.082,30.504,0.0974238,2.7771,2,7.82121,0.566393,0.189119,2.17695,1.72942,3.36792,0.866667,0.741176,0,1
1.14151,1.95853,0.582099,63.043,1.35359,0.603774,0.00874459,118.329,29.0667,0.109888,3.30908,2,7.90099,0.752462,0.220183,2.20408,1.72942,3.80207,0.815686,0.439216,375,1
1.04688,1.32285,0.635174,133.975,1.27507,1.08108,0.00582054,152.088,40.1878,0.0731431,1.90922,2,7.95982,0.794197,0.169374,2.23299,1.73537,2.86275,0.694118,0.439216,3754,1
0.875,1.22479,0.663016,166.005,1.1305,1.14706,0.00640814,139.126,36.8191,0.0805271,2.33368,2,7.64885,0.809275,0.247761,2.23299,1.72942,3.36792,0.941176,0.623529,7379,1
0.764706,0.967563,0.63412,174.111,1.43435,0.78125,0.00736221,125.995,32.6642,0.0925163,2.52941,2,5.04573,0.749754,0.130542,2.26385,1.73537,3.62317,0.67451,0.494118,12799,1
0.692857,1.36142,0.58137,163.615,1.60317,0.590909,0.00743817,117.275,31.3056,0.0934708,2.80997,2,5.66629,0.652,0.21791,2.23299,1.72942,3.80207,0.737255,0.4,5327,1
0.782609,0.993364,0.535604,25.7289,1.49172,0,0.0113013,143.909,28.0597,0.142016,4.63576,2,3.41946,0.596994,0.170278,2.29687,1.7415,4.50428,0.611765,0.454902,3398,1
1.71951,1.42566,0.419088,65.6841,3.21735,1,0.00726783,77.9981,25.8773,0.0913302,4.98891,2,4.41035,0.452839,0.431451,2.26385,1.72365,3.14886,0.980392,0.584314,0,1
1.4,1.5381,0.549669,91.798,1.29085,0,0.00375529,139.491,48.1372,0.0471903,1.38446,0,7.90198,0.653281,0.261906,2.20408,1.71804,2.67059,0.94902,0.552941,2751,0
0.889908,1.33428,0.534948,23.8478,1.30703,0.733333,0.00641259,98.5169,30.9856,0.080583,4.06092,4,7.43602,0.699394,0.395555,2.23299,1.72365,3.14886,0.905882,0.521569,523,0
1.15267,1.2139,0.567388,108.365,1.20253,0.851852,0.00527439,143.35,41.2095,0.0662799,1.85011,0,10.3666,0.751342,0.186352,2.20408,1.73537,3.62317,0.745098,0.631373,6061,0
1.30275,0.675616,0.480779,124.839,2.01431,1.94872,0.00873705,144.024,31.9479,0.109793,3.26709,2,9.91101,0.61001,0.248484,2.20408,1.72942,3.80207,0.54902,0.792157,1675,0
0.975806,0.914198,0.702613,33.6165,1.05029,1.10526,0.00622249,214.767,46.4449,0.0781941,2.02042,4,7.51262,0.655156,0.126521,2.20408,1.7415,3.0548,0.85098,0.721569,972,1
1.03425,1.51144,0.484623,51.4486,1.97139,0,0.00564599,125.051,37.1193,0.0709495,1.88873,0,9.9315,0.628699,0.265416,2.20408,1.72365,2.82612,0.909804,0.458824,0,1
0.946565,1.22494,0.511974,134.292,1.37264,1.28125,0.00591411,103.415,33.0565,0.0743188,2.77843,2,6.721,0.765149,0.231806,2.23299,1.72365,3.53021,0.796078,0.458824,5749,1
0.914286,0.948062,0.264931,133.231,3.72308,2,0.0172528,64.2593,15.2313,0.216805,10.1264,2,1.89834,0.565779,0.580488,0,1.72365,3.14886,0.572549,0.596078,0,1
0.814159,1.9429,0.56868,7.29976,1.24327,0.842105,0.00842817,105.225,27.7164,0.105912,4.14694,2,6.9065,0.766613,0.259375,2.23299,1.72365,3.53021,0.815686,0.494118,1295,0
1.48052,1.49431,0.482228,77.9702,1.59559,0,0.0112345,122.388,25.441,0.141177,6.15074,2,6.24408,0.697574,0.184615,2.23299,1.72942,4.32591,0.827451,0.45098,399,0
0.787611,0.772905,0.622402,162.718,1.42429,0,0.010801,113.339,25.6049,0.13573,3.95792,2,3.10741,0.779933,0.144809,2.29688,1.73537,4.12236,0.827451,0.607843,2228,0
1.14925,1.56331,0.604865,88.1291,1.28751,0,0.00327195,150.19,53.561,0.0411165,1.51807,2,9.1443,0.759121,0.36186,2.20408,1.71804,2.67059,0.901961,0.823529,10607,0
0.818182,0.890431,0.583838,28.89,1.64487,1.66667,0.00963229,126.372,28.562,0.121043,4.27687,2,5.98796,0.648448,0.206451,2.23299,1.72942,4.32591,0.611765,0.745098,1741,0
0.637097,1.54803,0.582738,165.404,1.72362,0.958333,0.00752042,97.0967,28.238,0.0945044,4.56319,2,4.44575,0.853072,0.199508,2.29688,1.72942,3.80207,0.815686,0.435294,1312,1
1.77632,1.006,0.57076,83.0716,1.74493,1.27778,0.00933005,123.965,28.7166,0.117245,4.33158,0,3.97127,0.786044,0.243333,2.29688,1.72942,4.32591,0.654902,0.435294,2833,1
0.685714,1.79348,0.505246,19.2339,1.96754,0,0.00854321,106.137,27.7499,0.107357,3.58534,2,5.22719,0.43662,0.525582,2.20408,1.72942,3.0041,0.890196,0.505882,517,0
0.834646,1.20002,0.699747,167.784,1.25039,0.875,0.00681651,183.596,40.9971,0.0856588,2.33436,2,5.49302,0.653972,0.193989,2.26385,1.73537,3.20945,0.721569,0.411765,6779,1
1.05155,1.70357,0.566101,110.728,1.07362,0.688889,0.00971831,120.894,27.295,0.122124,4.50646,2,6.36088,0.644908,0.241936,2.23299,1.72365,3.53021,0.94902,0.556863,0,0
0.962121,1.34517,0.692973,31.784,1.17774,0.607143,0.00563231,165.417,42.7716,0.0707776,1.72681,1,7.1624,0.536493,0.155964,2.20408,1.73537,2.86275,0.980392,0.517647,1512,1
1.68056,1.68828,0.627927,72.5196,2.13725,1.03125,0.0107309,85.2888,22.2609,0.134848,4.27172,2,5.9429,0.675696,0.420408,2.23299,1.72365,3.53021,0.937255,0.454902,1354,0
1,2.17495,0.597539,138.097,1.16674,1.20588,0.00741765,150.222,35.5676,0.093213,3.57756,2,6.31125,0.503815,0.332344,2.23299,1.72942,3.36792,0.831373,0.517647,0,0
1.12621,1.70178,0.608177,66.1674,1.19783,0.880952,0.00879847,176.647,35.4179,0.110565,3.3654,2,8.17172,0.751541,0.197059,2.20408,1.73537,4.12236,0.788235,0.584314,2532,0
0.716535,1.2306,0.564809,160.108,1.87752,2.8,0.00963843,139.074,29.5125,0.12112,3.82071,2,6.27684,0.462907,0.171498,2.20408,1.7415,3.44859,0.854902,0.705882,3327,1
1.63303,1.87991,0.560818,69.0398,2.56156,1.58974,0.0052714,128.805,38.8369,0.0662424,1.92261,0,9.92813,0.707031,0.357894,2.20408,1.72365,3.14886,0.890196,0.498039,366,0
0.795455,0.918449,0.643218,165.349,1.36679,1.09524,0.0074866,129.509,32.869,0.0940794,2.627,2,3.67759,0.784619,0.15271,2.29688,1.73537,3.20945,0.65098,0.529412,2673,1
1.02727,1.47284,0.611786,112.325,1.13341,0,0.00538828,111.756,35.9993,0.0677111,2.82888,2,5.5869,0.814207,0.220895,2.26385,1.71804,3.69631,0.713725,0.568627,0,1
0.786127,1.71543,0.52803,27.9731,1.91642,0.761905,0.00438159,126.16,42.4199,0.0550607,1.49807,2,11.2231,0.762981,0.219732,2.20408,1.72365,2.82612,0.882353,0.541176,0,0
1.65169,1.26483,0.625545,82.1819,1.74443,1.02778,0.00768451,143.596,34.0513,0.0965664,2.90785,0,6.98209,0.720346,0.210526,2.23299,1.72942,3.80207,0.890196,0.521569,1156,1
0.955224,1.52933,0.63564,1.2216,1.06706,1.05556,0.00599692,184.9,43.8953,0.0753596,1.88976,2,7.49385,0.838694,0.194374,2.23299,1.73537,3.0041,0.901961,0.568627,1408,0
1.04459,1.59481,0.635409,36.0666,2.54401,0,0.0033706,171.828,56.4301,0.0423563,0.892081,0,11.0402,0.712376,0.588655,2.12742,1.71804,1.85457,0.894118,0.552941,3365,1
0.988889,1.02273,0.604994,39.2918,1.34972,0.95,0.012142,107.485,23.443,0.152581,5.24277,2,3.51786,0.78502,0.193333,2.33229,1.72942,4.96596,0.603922,0.427451,4828,1
1.05,1.24854,0.595762,97.3134,1.04198,0,0.00918338,137.67,30.3929,0.115402,3.76611,2,2.42951,0.602731,0.224924,2.29688,1.72365,3.98527,0.87451,0.364706,5861,0
0.886364,1.11374,0.605834,147.414,1.62891,0,0.00633838,144.828,37.5993,0.0796504,2.37079,2,8.23036,0.547667,0.196891,2.17695,1.73537,3.20945,0.788235,0.596078,1945,1
1.16304,0.803778,0.665532,88.918,1.2266,0,0.00644677,124.491,34.7226,0.0810125,3.63586,2,2.94514,0.764517,0.402255,2.29688,1.72365,3.53021,0.968627,0.94902,2728,1
0.839695,1.09695,0.641187,161.429,1.34657,0,0.00648441,128.226,34.7369,0.0814855,2.35856,2,5.08394,0.506446,0.199495,2.26385,1.72942,3.0041,0.647059,0.552941,6118,1
1.32609,0.991731,0.574572,111.9,1.48775,0,0.00896317,139.554,31.1938,0.112635,3.57756,2,1.86671,0.729443,0.214493,0,1.72942,3.80207,0.556863,0.423529,1604,1
0.772727,1.29801,0.54068,30.3163,1.6129,0,0.00542648,128.168,38.3743,0.0681912,2.11449,2,7.91483,0.474557,0.246852,2.17695,1.72365,3.14886,1,0.811765,2895,1
1.12931,1.25758,0.64665,60.6817,1.15773,0,0.00661313,198.582,43.2207,0.0831031,2.19212,0,7.57367,0.694072,0.128266,2.20408,1.7415,3.44859,0.85098,0.87451,656,1
0.992,0.90687,0.616935,115.954,1.06021,0.975,0.00412467,145.753,46.9637,0.0518322,1.79503,2,7.39288,0.732227,0.365448,2.23299,1.71804,2.9591,0.823529,0.698039,2973,1
0.792857,1.16935,0.679569,7.41856,1.27124,0.803571,0.00614582,156.225,39.5655,0.0772307,2.00529,2,10.0452,0.764404,0.184143,2.17695,1.72942,3.36792,0.796078,0.560784,8544,1
1.01887,1.292,0.575035,46.7586,1.03425,0,0.0083298,152.622,33.8176,0.104675,3.69565,2,4.19206,0.707441,0.220895,2.29688,1.73537,3.62317,0.745098,0.427451,8704,1
1.57732,1.22212,0.59996,66.3895,2.04821,1.67857,0.00691188,123.439,33.1915,0.0868573,2.53596,2,6.51979,0.620449,0.270492,2.23299,1.72942,3.14886,0.901961,0.521569,5515,1
0.803922,2.17106,0.619321,4.32779,1.30888,0.494737,0.00420605,123.019,42.7551,0.0528548,1.64814,1,12.706,0.600806,0.292271,2.20408,1.72365,2.31345,1,0.517647,2502,0
0.962963,1.09118,0.663773,145.853,1.08182,1.1,0.00916363,192.944,36.2747,0.115154,3.2215,2,3.59628,0.782851,0.165217,2.33229,1.73537,4.12236,0.584314,0.411765,4955,1
0.816794,1.96823,0.598095,18.9344,1.30859,0.875,0.00618945,133.841,36.0497,0.0777789,2.65153,2,7.55056,0.800512,0.1875,2.23299,1.72942,3.36792,0.882353,0.478431,4432,0
0.713483,1.54752,0.68139,169.858,1.45462,0,0.00387533,189.84,54.8476,0.0486988,1.07879,2,9.89286,0.775296,0.684398,2.15145,1.71804,1.85457,0.952941,0.537255,0,0
1.20408,0.84655,0.678528,74.7156,1.27419,1.62069,0.00773656,123.125,31.4947,0.0972205,2.93395,2,5.85703,0.330041,0.185294,2.20408,1.72942,4.32591,0.705882,0.584314,2616,1
1.00855,1.47294,0.537918,48.5493,1.83807,1.13514,0.00730274,127.66,32.9266,0.091769,3.11011,2,7.68244,0.700321,0.236363,2.20408,1.72942,3.80207,0.780392,0.419608,0,1
1.06195,1.7253,0.567146,106.24,1.05275,0.654545,0.00734289,136.124,33.9693,0.0922735,3.08215,2,8.3144,0.709655,0.191601,2.20408,1.72942,3.80207,0.894118,0.529412,412,0
0.879518,1.00677,0.629848,8.98666,1.16074,0,0.00334473,150.053,52.952,0.0420311,1.03046,2,8.11262,0.594698,0.253042,2.20408,1.72365,2.55058,0.831373,0.654902,10556,1
1.29907,1.73725,0.622067,102.187,1.40719,0.902439,0.00645232,188.916,42.5,0.0810822,2.42422,0,7.71934,0.741752,0.185097,2.20408,1.72942,3.0041,0.976471,0.65098,0,0
1.10577,1.04199,0.659574,103.826,1.10292,0.977778,0.00812279,138.98,32.4232,0.102074,2.99852,2,8.47659,0.699859,0.20679,2.20408,1.72942,4.32591,0.643137,0.627451,6772,0
0.602484,1.07771,0.491644,12.0244,1.93636,0,0.00706501,99.5099,29.6102,0.0887815,3.09194,2,6.22807,0.471853,0.267692,2.20408,1.72365,3.53021,0.733333,0.533333,4534,1
0.909836,1.6126,0.638754,156.073,1.29761,0.954545,0.00766918,195.376,39.8581,0.0963738,2.6768,2,8.9595,0.852622,0.14578,2.20408,1.7415,3.92373,0.890196,0.568627,0,0
1.15929,1.29246,0.655644,65.3099,1.17252,1.21212,0.00652611,198.644,43.5359,0.0820095,2.39801,2,7.73479,0.629335,0.178922,2.20408,1.72942,3.36792,0.882353,0.639216,2107,1
0.993056,1.4343,0.559756,145.004,1.15974,1.04348,0.00419993,143.81,46.2573,0.0527779,1.69798,0,9.49387,0.581,0.192399,2.17695,1.72942,3.0041,0.862745,0.831373,2291,0
0.815789,1.11761,0.603221,174.044,1.18549,1.04762,0.00535823,164.659,43.744,0.0673335,1.75674,2,8.80954,0.795719,0.227041,2.20408,1.72942,3.0041,0.866667,0.658824,8067,1
1,1.23327,0.552876,19.1572,1.10028,0.777778,0.0078473,160.326,35.7297,0.0986121,3.22205,2,5.98625,0.703265,0.21791,2.26385,1.7415,3.92373,0.741176,0.576471,440,1
0.857143,1.14688,0.608613,18.8257,1.33021,0.806452,0.00633498,165.444,40.3967,0.0796078,2.86128,2,4.98604,0.686261,0.197279,2.26385,1.72942,2.6962,0.94902,0.537255,2914,1
0.960317,0.91366,0.675062,10.6814,1.10526,1.78571,0.00619773,143.544,38.0334,0.077883,2.08924,2,2.09615,0.354897,0.185274,2.33229,1.72942,3.0041,0.666667,0.607843,459,1
0.96,1.7401,0.621562,19.329,1.14474,0.933333,0.00914356,76.4764,22.8628,0.114901,4.02481,2,5.69965,0.809573,0.197059,2.26385,1.72365,3.98527,0.823529,0.494118,0,0
1.22449,1.67403,0.655357,100.486,1.33564,0.804878,0.0083139,160.011,33.7415,0.104476,3.14375,2,7.28651,0.808794,0.155941,2.23299,1.73537,3.62317,0.952941,0.713725,3472,0
1.10744,1.38041,0.562076,54.5176,1.22284,1.07143,0.00583381,119.94,35.8422,0.0733098,2.36763,2,8.94411,0.795853,0.159193,2.20408,1.72365,3.53021,0.831373,0.643137,4185,1
0.808081,0.895359,0.589773,147.307,1.59025,1.86667,0.00997359,109.202,25.8912,0.125332,5.34175,4,3.14512,0.550955,0.224615,2.29688,1.73537,4.12236,0.658824,0.552941,4023,1
1.03361,1.02983,0.622771,4.74513,1.02095,0.972973,0.00654083,127.825,34.9065,0.0821944,2.55809,2,6.87661,0.78459,0.149039,2.23299,1.73537,3.62317,0.737255,0.545098,4272,1
0.768595,1.08933,0.392029,145.849,3.00285,1.68182,0.0132222,114.507,23.1512,0.166155,5.6653,2,4.11179,0.47719,0.149145,0,0,3.92373,0.764706,0.517647,17212,1
0.658537,1.50427,0.617237,168.008,1.74585,0.661972,0.00626023,177.856,41.4181,0.0786684,1.88436,4,10.9648,0.704147,0.143498,2.15145,1.72942,3.0041,0.839216,0.568627,4043,1
0.51875,1.41219,0.638479,169.256,1.82425,1.06977,0.00601432,114.019,34.4219,0.0755782,2.43439,2,9.02598,0.817286,0.204725,2.20408,1.73537,3.62317,0.756863,0.52549,4487,0
0.445378,1.91798,0.39805,170.342,2.55763,0,0.00733563,113.282,31.0631,0.0921822,3.34666,2,7.18572,0.761185,0.421296,2.23299,1.72942,3.36792,0.929412,0.490196,445,0
0.915385,1.48345,0.67925,143.574,1.25064,1.64286,0.00629139,162.007,39.8438,0.07906,2.01732,2,6.6799,0.754803,0.261236,2.23299,1.72942,3.0041,0.87451,0.501961,2352,1
1.05825,0.900946,0.60065,53.7517,1.088,0,0.00551549,81.3233,30.3489,0.0693097,3.342,2,2.1967,0.808108,0.139108,2.33229,1.72365,3.98527,0.666667,0.545098,5998,1
1.19444,1.27963,0.567973,122.605,1.73608,0.775,0.00770918,150.109,34.8789,0.0968764,2.85944,2,7.02416,0.755265,0.163678,2.20408,1.72942,2.6962,0.980392,1,1909,1
0.964286,1.73227,0.612765,137.5,1.13135,0,0.00875756,143.97,31.793,0.110051,3.32692,2,6.57711,0.647201,0.208823,2.23299,1.72942,3.80207,0.890196,0.517647,411,0
1.05147,0.884816,0.482697,137.451,2.55884,0,0.00585437,107.866,33.9143,0.0735682,2.41953,2,5.15247,0.496563,0,2.23299,1.71804,1.58023,0.733333,0.596078,1057,1
0.909091,2.09593,0.530773,24.9076,1.30975,0,0.00607456,118.572,34.6931,0.0763352,3.75422,2,5.03903,0.78359,0.331288,2.26385,1.72365,2.82612,0.772549,0.313725,1736,1
0.910891,0.783848,0.51243,46.671,1.06936,0,0.0123067,176.447,29.8444,0.154651,5.56535,2,1.38194,0.872244,0.2,0,1.73537,4.12236,0.501961,0.52549,912,1
1,0.904765,0.963862,170.87,1.19583,1.72093,0.00199867,249.574,88.3424,0.0251161,0.0696246,0,10.6352,0.661527,0.561277,2.15145,1.71804,1.70917,0.894118,0.631373,5311,0
1.21918,1.90586,0.614572,75.7696,1.52628,1.21154,0.00206273,167.715,71.286,0.025921,0.852064,0,10.4156,0.631255,0.538746,2.15145,1.72365,2.31345,0.909804,0.52549,392,0
0.967213,0.876816,0.707002,19.8123,1.02096,0.75,0.00618418,191.683,43.9975,0.0777126,2.11748,2,6.86037,0.640793,0.151301,2.23299,1.73537,3.20945,0.709804,0.623529,3421,1
0.548571,1.26883,0.354702,19.8082,4.56955,0,0.0117526,109.854,23.2888,0.147687,4.18566,2,6.40609,0.448401,0.300471,2.20408,1.72365,2.82612,0.952941,0.976471,2148,1
0.972603,1.01326,0.471445,156.511,1.11708,0.966667,0.00597037,133.366,37.3639,0.0750258,2.27174,0,4.51038,0.622449,0.204177,2.26385,1.72942,3.0041,0.905882,0.619608,4336,1
1.15094,1.52617,0.565806,60.935,1.25517,0,0.00685784,118.137,32.747,0.0861781,3.24084,1,5.35307,0.481486,0.202247,2.23299,1.72942,3.80207,0.92549,0.494118,503,1
0.690323,0.942494,0.634127,164.513,1.67351,0.637931,0.00656598,188.757,41.6704,0.0825106,2.03314,2,8.40378,0.677123,0.174243,2.20408,1.73537,3.20945,0.756863,0.552941,4494,1
1.5102,1.09519,0.590113,69.1786,1.96145,0,0.00634613,113.449,33.1925,0.0797479,2.78151,0,4.5378,0.572827,0.240437,2.26385,1.72365,3.53021,0.772549,0.533333,3875,1
1.21795,0.87843,0.555196,114.432,1.30694,0,0.0127589,158.398,27.7744,0.160332,6.327,2,1.08194,0.735136,0.22388,0,1.73537,4.12236,0.560784,0.454902,7342,1
0.564706,0.753126,0.588909,165.2,1.91649,1.59615,0.00628805,163.842,39.3565,0.079018,2.26021,2,11.5909,0.511108,0.228724,2.12742,1.72942,3.36792,0.709804,0.901961,1463,1
0.743243,1.04764,0.501751,144.584,2.14181,2.625,0.00830548,134.53,31.382,0.10437,2.86819,2,6.90117,0.393801,0.221311,2.17695,1.73537,3.20945,0.917647,0.627451,4906,1
0.984252,1.15395,0.589512,39.5345,1.61633,0.596491,0.00562423,141.56,39.6302,0.0706761,2.29637,2,7.21207,0.510387,0.209027,2.20408,1.72942,3.0041,0.952941,0.768627,2269,1
0.90303,1.25617,0.475107,35.6402,1.47985,0.650794,0.0052353,139.976,40.7987,0.0657887,1.69551,2,10.7961,0.72743,0.253561,2.17695,1.72942,3.36792,0.819608,0.686275,5904,1
0.695946,0.935989,0.639104,167.88,1.4817,0.517857,0.00617094,125.444,35.493,0.0775463,2.29268,2,6.24012,0.525322,0.221946,2.20408,1.72942,3.0041,0.92549,1,1012,1
1.2233,1.11961,0.645901,103.887,1.26655,0.823529,0.00598728,161.954,40.572,0.0752384,2.65854,2,5.47142,0.704124,0.16273,2.26385,1.72365,3.98527,0.643137,0.466667,14056,1
0.821429,1.1493,0.605008,148.038,1.70911,0,0.0114013,189.788,32.1189,0.143272,4.05934,2,4.81177,0.542037,0.239344,2.26385,1.72942,4.32591,0.713725,0.513725,5397,1
0.912621,1.07042,0.696344,165.853,1.14798,1,0.00956056,125.365,27.6509,0.120141,3.49501,2,5.55264,0.788692,0.171348,2.26385,1.72942,4.32591,0.764706,0.47451,4868,1
0.625899,1.75927,0.554288,1.64499,1.75123,0,0.00984075,171.613,32.0873,0.123663,3.76821,2,6.90091,0.768323,0.233236,2.23299,1.72942,3.36792,0.878431,0.486275,2823,0
1.03488,1.43389,0.541939,69.3055,1.1289,0,0.0142269,170.762,27.2828,0.17878,6.60921,2,4.01958,0.638152,0.250909,2.29688,1.72942,4.96597,0.670588,0.411765,1781,1
2.10169,1.07231,0.608529,91.359,2.2857,1.77778,0.00779514,75.3663,24.497,0.0979567,5.23917,2,4.51255,0.716416,0.280001,2.26385,1.72365,3.53021,0.741176,0.713725,5375,0
1.1938,0.981173,0.525143,127.955,1.49946,0,0.00592248,136.021,37.8863,0.0744241,1.98728,2,7.30954,0.342996,0.204663,2.15145,1.72942,3.36792,0.713725,0.607843,3294,1
0.764331,1.4226,0.549947,11.6112,1.3877,1.28205,0.00528858,118.333,37.3633,0.0664582,2.06673,2,7.41652,0.552466,0.244095,2.20408,1.72942,3.14886,0.745098,0.54902,3467,1
1.67568,1.8491,0.539941,83.6544,1.78597,1.4375,0.00890525,129.635,27.9738,0.111907,4.91133,0,7.02765,0.673519,0.301746,2.20408,1.72365,3.53021,0.933333,0.372549,1580,0
1.85227,1.34629,0.528305,107.294,2.18369,2.55556,0.00679985,107.523,31.2173,0.0854495,3.07701,0,6.8695,0.55264,0.260869,2.20408,1.72365,3.53021,0.980392,0.627451,9169,1
0.580645,1.38972,0.603159,177.678,1.78956,0.909091,0.0105809,195.867,33.3793,0.132964,4.51865,2,6.2929,0.785135,0.152913,2.26385,1.73537,3.62317,0.811765,0.482353,1616,1
0.716981,0.775253,0.466423,34.2041,1.83988,0,0.0133659,108.64,22.5108,0.167961,6.93534,2,1.52445,0.391796,0.2125,0,1.73537,4.12236,0.517647,0.556863,895,1
1.10377,1.16244,0.637317,123.541,1.28818,0,0.0067281,173.513,40.0091,0.0845478,2.61446,2,4.90412,0.880681,0.254594,2.26385,1.73537,3.20945,0.945098,0.47451,5690,1
0.775281,1.46293,0.638984,176.113,1.37708,1.12857,0.00386255,156.828,50.3338,0.0485382,0.993601,0,14.1512,0.6928,0.230943,2.10476,1.72365,2.55058,0.956863,0.901961,4168,0
1.67033,0.915913,0.65287,86.8208,1.72894,0,0.00400621,190.385,53.9773,0.0503435,1.6203,0,3.7746,0.81341,0.438202,2.29688,1.71804,2.67059,0.619608,0.521569,5009,1
0.792135,1.4897,0.418898,152.851,1.58869,0,0.00381235,123.058,44.9157,0.0479074,1.74367,2,8.03974,0.831809,0.579073,2.20408,1.71804,2.01935,0.87451,0.529412,1688,0
1.02459,1.40276,0.654066,88.1353,1.01933,0.854167,0.00637412,193.926,43.6062,0.0800996,2.17741,2,8.7804,0.761556,0.181347,2.20408,1.72942,3.36792,0.788235,0.4,8850,0
1.06957,1.07608,0.665429,71.9954,1.06527,0.647059,0.00613061,133.058,36.8287,0.0770395,2.29838,2,4.72901,0.596361,0.168394,2.26385,1.72942,3.36792,0.729412,0.592157,6284,1
0.684564,1.53645,0.540466,19.887,1.68529,0.68,0.00828439,163.632,34.4033,0.104105,2.86912,2,7.87398,0.733597,0.234043,2.20408,1.73537,3.20945,1,0.615686,0,1
1.088,1.08173,0.641412,122.461,1.12167,0.565217,0.00572077,167.725,42.6798,0.0718893,1.92208,2,8.53247,0.410324,0.179293,2.15145,1.73537,3.20945,0.768627,0.694118,3626,1
1.19192,1.20019,0.62087,114.743,1.31324,0.862069,0.0091958,190.26,35.8394,0.115558,3.36246,2,5.17132,0.846062,0.221875,2.29688,1.72942,3.80207,0.643137,0.447059,4396,1
0.834646,1.49492,0.510994,31.8456,1.992,0.666667,0.00664032,88.5268,28.812,0.0834448,3.29196,2,5.98642,0.489256,0.210826,2.23299,1.72365,3.53021,0.72549,0.447059,380,1
0.975806,1.34158,0.599873,165.134,1.0928,1.43333,0.00634644,156.453,39.1149,0.0797517,2.47528,2,6.64863,0.76845,0.235821,2.23299,1.72942,3.0041,0.917647,0.603922,4368,1
1.44231,1.38593,0.413622,65.7076,1.76603,1.25,0.00379771,136.081,46.1606,0.0477234,2.91304,2,6.2629,0.779514,0.384976,2.23299,1.71804,2.9591,0.772549,0.517647,1535,1
0.911565,1.45637,0.599477,162.278,1.08684,0,0.00432042,127.649,42.9419,0.0542921,1.62412,0,5.55979,0.574752,0.2413,2.23299,1.72365,2.82612,0.713725,0.482353,1495,1
0.631902,1.36098,0.640806,176.846,1.722,0.884615,0.00605706,193.48,43.3658,0.0761153,1.95566,2,9.23158,0.565895,0.167054,2.17695,1.72942,3.36792,0.992157,0.623529,2427,1
1.10345,1.04372,0.537608,110.437,1.18075,1.23256,0.00469805,162.598,46.4307,0.0590374,1.5212,2,8.71925,0.66196,0.267806,2.17695,1.72365,3.14886,0.694118,0.631373,9294,1
0.966667,1.17175,0.628305,148.116,1.10346,0.911765,0.00687586,168.99,39.1695,0.0864046,2.53365,2,6.0926,0.74358,0.199454,2.26385,1.73537,3.62317,0.737255,0.517647,5951,0
0.945946,1.28226,0.579633,136.546,1.63686,1.4902,0.00544089,171.603,44.3962,0.0683722,1.69036,2,12.2206,0.706092,0.158257,2.20408,1.73537,3.20945,0.968627,0.635294,619,1
1.12,1.85497,0.6325,82.3928,1.16045,1.32353,0.00689233,107.913,31.2792,0.0866116,3.39739,2,7.99538,0.846952,0.24923,2.23299,1.72942,3.36792,0.909804,0.568627,421,0
1.28571,1.66208,0.668327,112.264,1.33504,1.21875,0.00766125,143.542,34.1536,0.0962742,2.78416,2,6.98578,0.789366,0.161125,2.23299,1.72942,3.80207,0.960784,0.615686,0,0
1.16279,0.829232,0.50064,62.3815,1.35969,0,0.0111545,78.1254,20.8461,0.140171,5.97374,2,2.03635,0.890301,0.306666,0,1.72942,4.32591,0.862745,0.517647,12513,1
0.861635,1.68259,0.451315,39.6383,2.24367,0.956522,0.00393085,117.519,43.1666,0.0493965,2.15144,2,9.20382,0.802082,0.284457,2.20408,1.72942,3.0041,0.847059,0.521569,1820,1
0.79021,1.36292,0.632991,164.184,1.4148,1,0.00620737,186.968,42.9227,0.0780041,2.04026,2,9.163,0.757032,0.320211,2.17695,1.71804,2.67059,0.886275,1,0,1
0.820513,1.32131,0.412037,144.035,1.61994,0,0.0103794,102.738,24.8609,0.130431,5.75563,2,4.12071,0.870496,0.238095,2.26385,1.72365,2.82612,1,0.639216,500,1
0.91453,1.23981,0.422518,38.0495,2.28799,0.653846,0.00508761,134.887,40.706,0.0639328,1.94385,0,7.75534,0.610938,0.217392,2.17695,1.72942,3.0041,0.741176,0.592157,6558,1
0.816667,1.02875,0.685757,170.782,1.27887,1.5,0.00796251,160.869,35.5302,0.10006,3.01288,2,6.22252,0.549514,0.17094,2.23299,1.73537,4.12236,0.752941,0.584314,8007,1
1,1.21952,0.678136,59.4711,1.15446,0.766667,0.00572317,154.939,41.133,0.0719195,2.41268,2,4.43377,0.653196,0.227528,2.26385,1.73537,2.86275,0.768627,0.764706,3340,1
0.791667,0.828541,0.45,150.415,1.41152,1.16667,0.0083236,112.43,28.8023,0.104597,4.63674,2,1.68825,0.738113,0.151685,2.33229,1.73537,4.12236,0.85098,0.560784,438,1
0.953488,1.93752,0.608551,35.0947,1.11653,1.10345,0.0113863,95.5554,22.8681,0.143084,5.58403,2,6.1502,0.588337,0.35,2.23299,1.72365,3.53021,0.85098,0.52549,5423,0
1.17355,1.2557,0.649924,106.35,1.24262,1.13514,0.00535859,167.802,44.1228,0.067338,1.84211,0,8.19504,0.804879,0.18578,2.20408,1.72942,2.6962,0.968627,0.615686,2135,0
0.697531,1.58258,0.540697,154.787,1.89919,1.17647,0.00581425,122.051,36.099,0.073064,2.16252,2,11.0543,0.646092,0.248634,2.20408,1.72365,3.14886,0.972549,0.607843,4229,0
2.07595,1.17208,0.501968,76.0388,2.3646,2.48,0.0090423,95.9378,25.6402,0.113629,3.78865,0,6.86117,0.581387,0.208823,2.23299,1.72942,4.32591,0.831373,0.596078,962,0
0.91791,1.14605,0.631234,5.35946,1.11117,1.13333,0.00483911,115.786,38.671,0.06081,1.71311,0,6.59644,0.844703,0.412969,2.23299,1.72365,2.55058,0.788235,0.556863,1285,0
1.05102,1.58085,0.649148,67.4115,1.14656,0,0.00762631,117.003,30.9641,0.095835,3.34724,2,5.45369,0.686077,0.226087,2.26385,1.72365,3.53021,0.741176,0.388235,906,1
1.125,1.34482,0.563039,128.732,1.35518,0.913043,0.00308239,152.729,55.649,0.0387344,1.14854,0,8.82907,0.79471,0.443629,2.17695,1.71804,2.01935,0.87451,0.513725,0,0
0.689873,1.43969,0.611311,15.3387,1.75168,0.605634,0.00595063,121.896,35.6219,0.0747778,2.00111,4,9.96966,0.678288,0.180289,2.17695,1.72942,3.0041,0.858824,0.592157,1387,0
0.984252,1.7184,0.587307,131.727,1.1027,1.10256,0.00610874,132.749,36.8197,0.0767647,2.361,2,8.3844,0.802678,0.193926,2.20408,1.72942,3.36792,0.878431,0.45098,0,0
1.27619,1.91486,0.610874,65.711,1.43817,0.911111,0.00670594,132.037,35.0122,0.0842693,2.71645,0,8.61597,0.759585,0.194226,2.20408,1.72942,3.80207,0.870588,0.52549,0,0
0.796875,1.32933,0.494485,35.1572,1.6997,0.794118,0.0099987,140.423,29.6033,0.125647,3.94883,2,5.82602,0.819841,0.421456,2.26385,1.73537,2.86275,0.827451,0.643137,6912,0
0.75,1.56872,0.613467,20.0986,1.56344,1.13514,0.0089011,152.607,32.5285,0.111854,3.46773,2,8.4163,0.782134,0.252631,2.20408,1.72942,4.32591,0.796078,0.454902,1088,1
0.636905,2.14393,0.48167,27.6775,1.90601,0,0.00666913,152.108,36.5138,0.0838068,2.59481,2,9.50174,0.721805,0.210106,2.17695,1.72365,3.53021,0.921569,0.501961,366,1
0.883929,1.56965,0.60349,22.4411,1.16861,0.911765,0.00854062,82.0109,24.4943,0.107325,3.66657,2,6.61302,0.841799,0.183727,2.26385,1.72365,3.98527,0.937255,0.588235,0,0
1.18699,1.22113,0.600902,63.4332,1.61974,0.746032,0.00554127,124.273,37.4346,0.0696337,1.92868,0,10.7106,0.69792,0.255618,2.20408,1.72942,3.36792,0.843137,0.572549,2994,1
1.16505,0.987472,0.58928,58.9815,1.42976,0.642857,0.0077261,105.634,29.2321,0.097089,3.17418,2,3.26494,0.506191,0.173913,2.29688,1.72942,3.36792,0.752941,0.666667,5071,1
1.13514,1.54979,0.639354,115.156,1.20635,1.09756,0.00695434,120.598,32.9132,0.0873908,2.55809,2,8.76373,0.850657,0.196766,2.20408,1.72942,3.36792,0.835294,0.47451,3609,0
1.02727,1.75784,0.59827,127.359,1.15192,0.697674,0.00566211,98.0736,32.8888,0.0711522,3.21053,2,6.42964,0.590709,0.423358,2.23299,1.72365,3.14886,0.968627,1,0,1
1.8961,0.708804,0.607232,89.7897,2.06274,2.70588,0.00830079,150.254,33.2394,0.104311,3.38846,0,4.28307,0.477038,0.250746,2.26385,1.73537,3.20945,0.847059,0.729412,1863,0
1.375,1.14765,0.41864,52.6452,2.80939,0.6,0.011554,75.5716,20.2171,0.145192,4.82315,2,3.81959,0.681194,0.230303,2.29687,1.73537,4.12236,0.945098,0.694118,1006,1
1.04444,2.10629,0.644261,52.8419,1.22273,0.895833,0.00497342,147.457,42.9289,0.0624978,1.60178,2,7.3639,0.393923,0.219732,2.15145,1.72942,2.43332,0.878431,0.415686,588,0
1.3956,1.57236,0.639915,110.71,1.59668,0.916667,0.0093451,165.947,33.1286,0.117434,3.24695,2,6.89832,0.832439,0.166667,2.23299,1.73537,4.12236,0.85098,0.454902,0,0
1.26277,1.55699,0.572508,65.9715,1.74007,1.13953,0.00323238,140.428,52.1081,0.0406193,1.31065,0,9.97619,0.765713,0.340478,2.17695,1.72365,2.55058,0.913725,0.564706,4134,0
1.59036,1.70615,0.619615,74.1001,1.88115,0.7,0.00940799,194.157,35.0329,0.118224,3.67532,0,6.25619,0.759224,0.137662,2.26385,1.7415,3.44859,0.945098,0.470588,762,1
1.08547,1.16983,0.63719,111.915,1.0774,0.925,0.0061177,138.26,37.0189,0.0768773,2.40981,2,8.08473,0.838139,0.21164,2.23299,1.72365,3.53021,0.882353,0.698039,8828,1
1.64516,1.26681,0.666034,96.7678,1.81682,0,0.00600768,179.178,41.689,0.0754947,2.33677,0,8.38899,0.41314,0.192119,2.15145,1.72942,3.36792,0.886275,0.545098,3725,1
0.791667,1.62344,0.636798,13.3517,1.3459,1.03448,0.00927978,147.91,31.4733,0.116613,3.3525,2,5.77233,0.844593,0.217765,2.26385,1.72942,3.36792,0.756863,0.509804,2975,0
0.711111,1.52458,0.531829,174.953,1.36888,0.967742,0.00731797,119.178,31.3579,0.0919603,3.192,2,6.48201,0.864417,0.366255,2.26385,1.72365,3.53021,0.862745,0.592157,3734,0
0.652893,0.891166,0.562559,5.2955,1.75027,0,0.00836563,142.46,32.6033,0.105126,4.08235,4,4.0513,0.864349,0.419445,2.29688,1.72942,3.0041,0.980392,0.827451,426,1
0.847682,1.42492,0.63615,157.793,1.31003,0,0.00429983,131.38,43.6935,0.0540333,1.59055,2,8.26704,0.488282,0.271845,2.17695,1.72365,2.82612,0.980392,0.607843,0,0
1.0202,1.28796,0.587659,133.295,1.47039,1.53571,0.00862273,155.433,33.0473,0.108356,4.00618,4,6.12356,0.530078,0.196875,2.23299,1.73537,4.73231,0.74902,0.564706,701,1
0.921875,1.18271,0.542207,6.15845,1.05098,2.08,0.00557248,107.262,34.6417,0.0700259,2.4805,2,6.0779,0.630832,0.265714,2.23299,1.72365,3.14886,0.780392,0.74902,3106,0
1.7451,1.02071,0.572593,89.184,1.85259,1.93939,0.00536157,144.246,40.6064,0.0673755,2.03968,0,8.10641,0.625752,0.224825,2.20408,1.72365,3.14886,0.886275,0.658824,5614,1
0.546099,1.29833,0.640508,9.72455,2.01335,1.27273,0.00952202,156.452,31.6368,0.119657,3.52893,2,6.97517,0.685068,0.24058,2.23299,1.72942,3.36792,0.705882,0.407843,1762,1
1.04545,1.0038,0.545889,50.7441,1.7654,0.88,0.00948125,138.375,30.069,0.119145,3.50563,2,3.98476,0.707206,0.182336,2.29687,1.73537,4.12236,0.6,0.454902,9151,1
1.09804,1.1238,0.619835,56.0544,1.49489,1.2069,0.00830604,130.721,31.0962,0.104377,3.36775,2,5.49364,0.642477,0.228571,2.26385,1.73537,4.12236,0.74902,0.52549,5543,1
0.777027,1.45633,0.65614,9.1916,1.27327,0.980392,0.0056697,145.911,39.9624,0.0712476,1.83093,2,10.5827,0.846105,0.161058,2.17695,1.72942,3.36792,0.87451,0.52549,2182,0
0.733871,1.25126,0.555787,156.464,1.82236,0,0.0101197,91.4859,23.668,0.127168,3.89278,2,3.64964,0.710393,0.188977,2.29688,1.72942,3.80207,0.611765,0.407843,2480,1
0.792208,1.56155,0.555062,25.3504,1.67942,0,0.00574657,132.768,37.8405,0.0722135,1.96432,2,8.77555,0.446354,0.206651,2.15145,1.72942,3.0041,0.8,0.545098,2275,1
1.46739,1.15906,0.644203,68.742,1.74096,1.56667,0.00642584,103.382,31.6638,0.0807495,2.96427,0,6.50411,0.627309,0.19407,2.23299,1.72942,3.80207,0.811765,0.501961,2933,1
0.918033,1.2267,0.559573,151.027,1.50181,0.857143,0.00673823,194.71,42.4972,0.0846751,2.40443,2,4.47822,0.687267,0.157773,2.29687,1.73537,3.20945,0.627451,0.447059,5159,1
0.871795,1.70889,0.64245,21.5091,1.29388,1.42424,0.00764252,184.056,38.7939,0.0960388,3.1316,2,7.35835,0.735603,0.238227,2.23299,1.72942,3.36792,0.960784,0.607843,0,0
1,1.30487,0.600872,71.6491,1.03522,1.13953,0.00642208,159.669,39.3682,0.0807022,2.40873,2,9.10438,0.780723,0.173913,2.20408,1.73537,3.62317,0.819608,0.54902,5364,1
0.775,1.23198,0.618324,2.54145,1.32085,1.32,0.00931449,165.479,33.3071,0.117049,3.63122,2,5.60251,0.833478,0.241269,2.26385,1.73537,4.12236,0.760784,0.792157,4096,0
0.912281,1.12046,0.661311,9.09343,1.10613,0.84,0.00819203,197.357,38.7289,0.102944,3.03085,2,4.12489,0.78568,0.172131,2.29688,1.72942,3.80207,0.658824,0.521569,9894,1
1.34314,1.17464,0.57632,58.6432,1.76264,0.871795,0.00832418,176.63,35.985,0.104605,2.92252,2,7.37402,0.797855,0.197059,2.23299,1.73537,4.12236,0.717647,0.494118,4730,1
0.815287,1.71387,0.616889,175.036,1.19355,1.03279,0.00441041,144.113,45.0649,0.0554229,1.51202,0,12.5571,0.78279,0.257218,2.15145,1.72365,3.14886,0.909804,0.494118,4986,0
0.639456,1.50313,0.628094,167.3,1.63952,0.866667,0.00739862,140.535,34.4069,0.0929738,2.64824,2,10.8729,0.707231,0.186352,2.20408,1.73537,3.62317,0.996078,0.529412,0,1
0.744681,1.15575,0.513982,17.4682,1.44201,2.04167,0.00674657,152.355,37.5377,0.0847799,3.09971,2,4.15784,0.421207,0.473171,2.26385,1.73537,3.20945,0.933333,0.631373,5779,1
0.632653,1.77885,0.472433,148.927,2.25701,1.73684,0.0168077,119.125,20.5365,0.211212,7.15094,2,3.60092,0.566474,0.381472,2.29688,1.72365,3.14886,0.905882,0.596078,0,0
1.12069,1.26223,0.651956,56.0607,1.10846,0,0.00637406,197.039,43.9134,0.0800988,2.22741,0,4.56898,0.605536,0.216081,2.26385,1.72942,3.0041,0.666667,0.47451,6432,1
1.0614,2.13554,0.613564,66.2604,1.06658,0,0.00722003,129.983,33.5367,0.0907295,2.66806,0,7.78402,0.82051,0.171356,2.23299,1.72942,3.80207,0.807843,0.423529,1250,0
0.833333,1.02031,0.466805,0.632551,1.33827,0,0.012389,73.6677,19.2662,0.155684,5.19977,2,5.15557,0.859315,0.188862,2.26385,1.72942,3.0041,0.85098,1,0,1
0.888889,1.42881,0.609074,33.5173,1.40045,0.655172,0.00583368,119.809,35.7262,0.0733081,2.17274,2,8.87608,0.641515,0.201475,2.17695,1.72942,3.0041,0.996078,0.709804,387,1
1,1.26996,0.571567,94.7369,1.05315,0.909091,0.00661967,113.457,32.7279,0.0831852,2.99753,2,4.13668,0.815665,0.32,2.29688,1.72365,3.53021,0.698039,0.541176,4293,1
1.23171,1.57065,0.576853,114.131,1.55592,0,0.0119187,195.97,31.9064,0.149775,5.43496,2,3.963,0.552548,0.227118,2.29687,1.72942,4.32591,0.713725,0.439216,425,1
1.03158,1.64605,0.421267,142.029,1.18309,1.14286,0.00929385,120.823,28.3742,0.11679,5.75845,2,5.79287,0.770531,0.153846,2.26385,1.72942,3.36792,0.964706,0.768627,847,0
0.894737,1.95344,0.616409,34.1003,1.44073,0.888889,0.0133382,176.277,28.5621,0.167613,5.26692,2,7.05814,0.856545,0.2,2.23299,1.73537,5.48835,0.8,0.403922,1308,0
1.41803,0.895238,0.553729,87.3628,2.08312,1,0.00378826,164.34,51.1012,0.0476047,1.67481,0,9.45814,0.60229,0.340579,2.15145,1.71804,2.67059,0.752941,0.760784,5633,1
1.30702,0.974683,0.572148,76.0834,1.31936,0.742857,0.0052798,115.186,36.9234,0.0663479,2.22741,0,5.76959,0.740654,0.12156,2.26385,1.72942,3.36792,0.843137,0.960784,4434,1
0.607143,1.51856,0.655003,148.719,1.36752,0.54,0.0067308,122.721,33.5721,0.0845817,3.03135,2,5.83289,0.527236,0.313099,2.23299,1.72365,3.53021,0.941176,0.647059,0,1
1.2521,1.45792,0.460324,127.739,2.14743,1.61905,0.00543738,111.527,35.6956,0.0683281,2.53596,2,10.1295,0.706162,0.242424,2.17695,1.72365,3.98527,0.92549,0.466667,3769,1
1.64706,1.05673,0.603445,96.4628,1.70565,1.52632,0.00856656,138.833,31.7244,0.107651,3.42079,2,3.67861,0.55726,0.172872,2.29688,1.7415,3.44859,0.670588,0.529412,1473,1
0.84252,1.15903,0.655383,10.6112,1.24161,0.509091,0.00510607,151.008,42.7697,0.0641648,2.52787,2,6.61196,0.592658,0.189449,2.23299,1.72365,3.53021,0.933333,0.619608,0,1
1.22314,0.749281,0.52792,123.832,1.52163,1.07143,0.00576521,146.776,39.8754,0.0724477,2.53789,2,5.57618,0.882573,0.156463,2.26385,1.73537,2.86275,0.890196,0.690196,1864,1
0.699248,1.07228,0.63546,174.42,1.58683,1.1875,0.00498646,152.268,43.5674,0.0626617,2.37922,2,7.12606,0.771695,0.265092,2.23299,1.72942,2.6962,0.85098,0.658824,7829,1
1.55446,0.805845,0.574667,78.1157,1.5465,0,0.00588501,127.95,36.7838,0.0739532,2.29268,1,4.41882,0.435993,0.262162,2.23299,1.72365,3.14886,0.843137,1,1552,1
1.06364,1.59705,0.667677,111.494,1.03139,0.791667,0.00743449,131.958,33.283,0.0934245,2.57498,2,8.41961,0.764271,0.174515,2.20408,1.73537,3.62317,0.827451,0.458824,484,0
0.920792,1.63786,0.517726,138.919,1.64107,0,0.00727773,89.2729,27.6456,0.0914547,3.41477,2,5.86714,0.726041,0.426087,2.26385,1.72365,3.14886,0.870588,0.54902,926,0
0.828125,1.57833,0.664836,167.607,1.26329,0.918919,0.00711611,148.021,36.0282,0.0894237,2.5503,2,7.15475,0.826948,0.190244,2.23299,1.72942,3.0041,0.941176,0.607843,0,0
0.965517,1.42184,0.664948,168.541,1.06615,0.666667,0.0080117,199.052,39.4044,0.100678,2.71389,4,6.69655,0.709367,0.123738,2.23299,1.7415,3.92373,0.768627,0.443137,3343,0
0.759494,1.15607,0.491535,25.6035,1.48584,1.62963,0.00652501,119.854,33.6284,0.0819957,2.35369,0,6.48639,0.65401,0.262295,2.23299,1.72942,3.0041,0.74902,0.533333,8585,1
0.480769,0.942024,0.552436,170.414,2.33789,0,0.00864883,154.276,31.5091,0.108684,3.8057,2,0.33719,0.571215,0.36527,0,1.72365,2.82612,0.509804,0.478431,8249,1
0.706294,1.21531,0.604687,154.84,1.91206,0.644068,0.00777475,161.631,35.2276,0.0977004,2.59003,2,9.08375,0.632905,0.20765,2.17695,1.72942,3.36792,0.909804,0.529412,2576,1
1.04425,1.17866,0.523624,38.3826,1.20882,1.09524,0.0087716,113.737,28.4508,0.110227,3.54227,2,4.21517,0.831143,0.18663,2.29688,1.72942,3.80207,0.752941,0.427451,2036,1
1.30928,1.16591,0.666207,103.85,1.41149,1.14706,0.00785972,199.31,39.5331,0.0987682,2.90079,0,7.05528,0.763369,0.24,2.23299,1.72942,3.80207,0.756863,0.486275,4870,0
1.04688,1.07537,0.641266,55.3053,1.12718,0,0.00550942,129.697,38.3281,0.0692334,1.86853,2,8.04434,0.573994,0.16432,2.20408,1.72942,3.0041,0.988235,0.831373,10613,1
1,1.50709,0.608075,54.8085,1.28218,1.03704,0.00333441,142.776,51.7301,0.0419014,1.14073,0,11.3322,0.803063,0.229699,2.17695,1.72365,4.53435,0.886275,0.615686,3812,0
1.43478,1.60061,0.456604,96.6087,1.57544,0,0.00547437,82.6384,30.7158,0.068793,4.18151,4,5.75303,0.652083,0.658308,2.23299,1.71804,2.01935,0.898039,0.666667,2658,0
1.06,1.15587,0.644623,83.4182,1.02359,1.11765,0.00762185,114.358,30.6139,0.095779,3.43107,2,3.26728,0.820058,0.204787,2.33229,1.72942,3.80207,0.631373,0.376471,5685,1
0.719745,0.723339,0.578293,168.391,1.4779,1.07843,0.00496149,149.247,43.2958,0.0623479,1.92524,2,8.39828,0.429201,0.255051,2.15145,1.72942,3.0041,0.67451,0.952941,1739,1
1.02105,1.31593,0.543516,93.0572,1.01546,1.03846,0.010042,127.535,27.7797,0.126191,5.0788,4,5.17967,0.825911,0.226666,2.26385,1.72942,4.32591,0.898039,0.823529,0,0
1.36458,1.16452,0.637007,85.5315,1.40221,0,0.00726352,172.394,38.2151,0.0912761,2.90927,2,5.5238,0.694897,0.196931,2.26385,1.72942,3.36792,0.662745,0.482353,4705,0
1.57522,1.33427,0.488416,66.488,3.06557,0,0.00587133,140.386,37.9076,0.0737813,2.20919,0,8.71445,0.540106,0.271186,2.20408,1.72365,3.29702,0.839216,0.952941,4943,0
2.73214,1.04325,0.567519,80.6828,3.16843,1.1,0.011686,101.823,23.0708,0.146851,5.47741,0,3.82737,0.650136,0.267741,2.29688,1.72942,3.36792,0.796078,0.427451,0,1
0.647059,1.32563,0.53707,17.8859,1.66124,0.733333,0.00828748,154.166,33.111,0.104144,2.84296,2,7.6639,0.823345,0.155173,2.23299,1.73537,3.62317,0.835294,0.588235,3306,0
1.01481,1.8144,0.539876,50.6511,1.40497,0.934783,0.00491186,139.367,41.9455,0.0617243,2.02211,2,9.52936,0.82709,0.277473,2.20408,1.72942,3.0041,0.886275,0.501961,1257,0
0.763158,1.06446,0.496269,6.99613,1.41948,0.733333,0.00943152,94.966,25.0677,0.11852,4.99556,2,4.66723,0.808258,0.227118,2.29688,1.72942,4.32591,0.662745,0.423529,6348,1
1,1.0501,0.655527,43.1961,1.32366,0,0.00571867,170.103,42.9964,0.0718629,2.01143,0,6.6309,0.500906,0.160891,2.20408,1.73537,4.12236,0.870588,0.541176,8054,1
1.08411,1.43036,0.554262,128.833,1.12627,1.02632,0.00756963,93.1495,27.7264,0.0951228,3.39919,4,7.17019,0.729226,0.241269,2.23299,1.72365,3.98527,0.784314,0.4,6916,0
0.752577,1.52654,0.627877,157.859,1.49159,1,0.00619879,84.2873,29.152,0.0778962,5.66667,2,5.36227,0.656635,0.322314,2.26385,1.72365,3.53021,0.92549,0.580392,1335,0
1.08661,1.29992,0.622818,78.556,1.05144,1.35135,0.00571153,165.583,42.5179,0.0717732,1.9263,0,8.14904,0.719646,0.201005,2.20408,1.72942,3.0041,0.972549,0.639216,1779,1
1.38806,1.39884,0.62823,96.0698,1.3755,0,0.0103514,109.929,25.6172,0.13008,4.37046,2,7.78492,0.821584,0.258823,2.20408,1.72365,1.9286,1,0.611765,6812,0
0.8375,1.58231,0.6566,160.768,1.2354,0.828125,0.00436138,160.854,47.9602,0.0548067,1.23942,0,12.3797,0.771346,0.180975,2.15145,1.72942,2.6962,0.803922,0.509804,957,0
1.24706,0.798644,0.595727,57.7136,1.53705,0,0.0104291,109.172,25.4842,0.131056,4.35891,2,2.40463,0.849418,0.2,0,1.72942,3.36792,0.686275,0.745098,437,1
1.29268,0.932742,0.613438,91.6423,1.24986,1.09091,0.0117504,134.776,26.7054,0.14766,4.86531,2,1.79397,0.824944,0.212903,0,1.73537,4.12236,0.596078,0.541176,3566,1
0.719697,1.39371,0.614753,167.713,1.42403,0.783784,0.0055909,105.119,34.2724,0.0702573,2.84935,2,6.61985,0.594395,0.296736,2.23299,1.72942,3.36792,1,0.623529,4030,1
0.883333,1.34948,0.629874,158.955,1.23807,1.85185,0.00798824,93.6538,26.9802,0.100383,2.88956,2,6.16801,0.630807,0.206154,2.23299,1.73537,3.62317,0.792157,0.517647,3524,1
0.864865,0.653473,0.634,20.0378,1.2759,1.42857,0.00546535,188.741,46.338,0.0686796,1.68724,2,5.17095,0.378836,0.199542,2.23299,1.73537,2.56934,0.466667,0.631373,1731,0
0.954955,1.06885,0.694586,158.308,1.08867,0.863636,0.00779001,172.109,36.7786,0.0978922,2.90361,2,3.34159,0.760151,0.158031,2.33229,1.7415,3.44859,0.745098,0.494118,5360,1
0.931035,1.00415,0.706178,177.692,1.09987,0,0.00743764,111.892,30.4306,0.0934641,2.54137,2,9.35044,0.62447,0.230943,2.17695,1.72365,2.31345,0.913725,0.694118,10513,1
1.54321,0.80129,0.504494,99.9572,1.70945,1.14286,0.00926042,109.588,27.1143,0.11637,4.50927,4,2.35036,0.835951,0.289389,0,0,3.36792,0.611765,0.529412,1422,0
1.35922,1.14453,0.650763,95.5464,1.36142,1.24324,0.00558253,117.107,36.1951,0.0701521,2.22004,0,5.35,0.407364,0.219754,2.20408,1.72942,3.36792,0.803922,0.933333,5626,1
0.990566,0.847871,0.619137,129.98,1.21333,1.18519,0.00888775,153.374,32.6507,0.111687,3.60227,2,4.9093,0.472248,0.178478,2.26385,1.72365,3.53021,0.596078,0.705882,3403,0
0.950413,0.938545,0.638951,34.6841,1.13519,1.025,0.00692928,137.429,34.9039,0.0870759,2.57813,2,7.3783,0.684443,0.202279,2.23299,1.72942,3.80207,0.745098,0.784314,0,1
0.867188,1.16995,0.628871,166.027,1.13046,0,0.00762678,188.529,39.197,0.0958409,2.59082,2,6.84351,0.801405,0.185596,2.23299,1.73537,3.62317,0.709804,0.458824,3184,1
1.97059,1.83224,0.530345,73.4514,2.22653,1.3,0.0116692,125.319,24.9945,0.14664,5.43879,2,6.9104,0.721329,0.291666,2.23299,1.72942,3.80207,0.87451,0.462745,11322,0
1.02247,1.90777,0.503457,124.185,1.26942,1.26923,0.01376,73.3423,18.2369,0.172913,6.48614,2,6.03808,0.846429,0.305084,2.26385,1.72365,3.98527,0.862745,0.431373,354,0
1.53608,1.42926,0.573653,84.5638,1.65655,0,0.00579984,111.303,34.6127,0.0728829,2.83477,0,6.10479,0.511576,0.21883,2.23299,1.72365,3.53021,0.854902,0.627451,0,0
0.857143,1.37474,0.519418,27.1132,1.13688,1.3871,0.0101327,132.177,28.3765,0.127331,4.97235,2,6.82835,0.751767,0.370044,2.23299,1.72942,3.80207,0.85098,0.466667,6843,0
1.2234,1.16475,0.663737,80.9556,1.24056,0,0.00912162,191.336,36.1778,0.114626,3.35542,2,2.69638,0.882291,0.21118,0,1.73537,3.62317,0.580392,0.415686,3878,1
0.700637,1.72732,0.576838,174.135,1.57728,1.23256,0.005882,116.407,35.1057,0.0739154,2.12741,2,9.64296,0.809926,0.265928,2.20408,1.72365,3.14886,0.929412,0.533333,0,0
1.35849,1.34196,0.636465,85.21,1.3604,0,0.00654146,183.199,41.5366,0.0822025,2.28434,0,6.37942,0.612528,0.183099,2.17695,1.73537,2.86275,0.839216,1,560,0
1.26596,1.19735,0.618452,92.2942,1.4223,0,0.00616889,134.434,36.8849,0.0775206,2.78063,2,2.92562,0.435241,0.286698,2.26385,1.72942,2.6962,0.882353,0.615686,1357,1
1.28571,1.55828,0.518811,60.3046,1.54845,0,0.00513736,114.769,37.3352,0.064558,2.25432,0,11.3977,0.672421,0.229508,2.15145,1.72365,3.53021,0.858824,0.521569,2299,0
1.08911,1.78149,0.471872,48.2804,1.62845,0.810811,0.00712278,93.9289,28.3099,0.0895075,4.61525,4,6.37622,0.780799,0.333333,2.26385,1.72365,3.53021,0.835294,0.498039,0,0
0.700787,1.52595,0.598691,18.7807,1.54052,0.820513,0.00814604,112.564,29.3158,0.102366,3.54609,4,7.1304,0.833116,0.225396,2.23299,1.72942,4.32591,0.890196,0.419608,2513,0
1.02381,2.04793,0.581049,135.096,1.13419,1.03571,0.00772055,81.8178,25.5632,0.0970193,6.03278,2,5.85284,0.855373,0.282312,2.26385,1.72365,3.14886,0.878431,0.431373,1397,0
0.751634,1.32467,0.585365,10.5518,1.42346,1.13158,0.00601081,175.788,42.4442,0.0755341,2.06644,2,7.79861,0.638962,0.265152,2.20408,1.72365,3.14886,0.894118,0.666667,455,1
1.44144,1.38388,0.579702,84.4926,1.46967,1.8125,0.00424948,113.528,40.8518,0.0534005,1.99833,0,7.3675,0.555403,0.302957,2.20408,1.72365,2.55058,0.768627,0.454902,5357,1
1.00862,1.69875,0.572318,134.624,1.70868,1.25,0.00870771,159.792,33.8617,0.109424,3.06882,2,6.81363,0.76024,0.164894,2.23299,1.72942,3.80207,0.823529,0.478431,0,0
0.865672,1.33806,0.615543,37.6087,1.43124,0.383721,0.0064909,143.506,37.1099,0.0815671,2.32308,2,7.89866,0.46135,0.119266,2.17695,1.73537,3.20945,0.890196,0.52549,3399,1
1.04487,2.58546,0.616958,36.1802,1.17063,0.746032,0.00310849,180.184,60.0495,0.0390624,1.01957,0,10.2181,0.66332,0.366926,2.15145,1.71804,2.4223,0.878431,0.486275,2720,1
1.51613,0.953975,0.600549,90.484,1.68164,0.857143,0.00710588,189.84,40.0228,0.0892951,3.02985,0,6.27987,0.656061,0.202128,2.23299,1.72942,3.80207,0.686275,0.737255,6650,1
1.03448,1.10705,0.410955,55.3164,2.36657,0.487179,0.00878669,112.919,28.1625,0.110417,4.4018,2,3.42577,0.367589,0.248275,2.26385,1.72942,4.32591,0.72549,0.533333,4796,1
1.22222,1.04065,0.597503,110.738,1.43576,0.9375,0.00590199,112.831,34.3249,0.0741666,2.6008,2,5.91822,0.804238,0.15367,2.26385,1.72942,3.36792,0.717647,0.439216,8840,1
0.952756,1.40416,0.649574,56.9589,1.00223,1.09524,0.00640869,190.961,43.1544,0.080534,2.16283,2,10.3168,0.675511,0.199461,2.17695,1.73537,3.36792,1,1,3317,0
1.07407,1.58549,0.655053,55.9412,1.08126,1.17647,0.00823731,199.446,38.8628,0.103513,2.84981,2,7.71931,0.769586,0.136483,2.23299,1.7415,3.92373,0.784314,0.435294,4168,0
0.990991,1.19748,0.543079,44.4996,2.00065,0.757576,0.00920697,94.675,25.2307,0.115698,3.61013,2,5.19686,0.713382,0.289655,2.26385,1.72942,3.80207,0.678431,0.443137,2202,1
1.23077,1.17478,0.628389,82.16,1.34166,0.741935,0.0039555,161.678,50.5413,0.0497063,1.44528,0,10.1934,0.482104,0.179139,2.12742,1.72942,2.6962,1,0.792157,2757,1
1.00826,1.15976,0.60002,123.479,1.14389,0.972222,0.0060325,135.093,37.223,0.0758067,2.46969,2,5.96757,0.558409,0.216749,2.23299,1.72365,3.14886,0.819608,0.839216,10146,1
2.42424,1.37522,0.551894,82.0139,2.6204,0,0.00885664,91.4112,25.3231,0.111296,4.30799,0,5.95953,0.682082,0.343478,2.23299,1.73537,3.62317,0.94902,0.435294,3238,1
1,1.50936,0.368964,44.2461,3.44825,0.444444,0.0126735,102.422,22.4731,0.15926,4.79296,4,6.50797,0.500435,0.189394,2.20408,1.72942,3.80207,0.941176,0.54902,2120,1
1.77381,1.06436,0.634308,105.28,2.09275,0,0.00741835,169.496,35.5217,0.0932218,2.97986,0,7.89994,0.596771,0.148936,2.20408,1.73537,4.12236,0.678431,0.537255,3746,1
0.815126,0.683434,0.666724,7.71961,1.3407,0.430769,0.00890786,203.006,37.5982,0.111939,3.08266,2,8.29556,0.550006,0.156915,2.17695,1.7415,3.44859,0.54902,0.717647,3791,0
1.09524,0.634895,0.598468,128.424,1.4792,1.23077,0.00872575,91.0704,25.5344,0.109651,3.34375,2,11.2075,0.743462,0.206154,2.15145,1.73537,4.12236,0.462745,1,4087,0
1.04762,1.4166,0.430087,53.8265,1.12391,1.10526,0.00561812,116.619,36.0138,0.0705994,4.14776,2,3.39975,0.639527,0.652174,2.26385,1.72365,2.55058,0.85098,0.756863,499,1
1.44444,1.25454,0.367891,122.237,3.85819,2.41176,0.0178818,74.8235,16.0975,0.22471,7.71905,4,4.45122,0.586923,0.254453,2.26385,1.72942,3.36792,0.690196,0.505882,0,1
1.50962,1.55746,0.632564,102.583,1.59312,1.47368,0.00561335,131.496,38.0928,0.0705395,2.01367,0,9.209,0.770459,0.187192,2.20408,1.72942,3.36792,0.862745,0.568627,1529,0
1,1.15833,0.63197,137.501,1.18267,0,0.00846363,169.285,35.3461,0.106357,3.01437,2,5.92002,0.572041,0.191257,2.23299,1.73537,3.62317,0.67451,0.478431,2741,0
1,0.921413,0.697515,141.371,1.03907,1.85294,0.00531919,194.907,47.8473,0.066843,1.62603,0,8.18546,0.536356,0.163017,2.17695,1.73537,2.86275,0.745098,0.584314,5995,1
0.893805,1.17539,0.639052,173.468,1.09084,0.525,0.0088868,122.006,29.2924,0.111675,3.2425,2,4.13095,0.540563,0.174863,2.29688,1.72942,3.80207,0.698039,0.454902,2519,0
1.03333,1.41335,0.558005,133.337,1.54006,1.21429,0.0141785,175.181,27.7756,0.178173,5.62848,2,2.4632,0.725773,0.229091,0,1.72942,4.32591,0.619608,0.486275,0,1
0.9375,0.91278,0.6571,166.493,1.10264,0,0.00826203,177.885,36.6571,0.103824,3.15385,2,0.414214,0.538739,0.209039,0,1.72942,3.80207,0.509804,0.486275,1985,1
0.904,1.8092,0.487398,35.0209,1.89139,0,0.0091949,152.831,32.1178,0.115547,3.61933,2,7.18412,0.669326,0.207447,2.23299,1.72942,3.36792,0.819608,0.427451,0,0
0.945946,0.890373,0.642385,146.112,1.12356,0,0.0081032,102.162,27.8972,0.101828,3.22535,2,1.52723,0.802611,0.177898,0,1.72942,3.80207,0.529412,0.505882,2061,1
1.38144,1.18207,0.675489,84.9943,1.37977,0.8,0.0067006,150.714,36.8125,0.0842023,2.54369,2,4.85686,0.737012,0.155173,2.29688,1.73537,3.20945,0.666667,0.372549,2190,1
0.945736,1.19515,0.532723,41.6896,1.80894,0.5,0.00563875,118.916,36.2592,0.0708586,2.75217,2,5.39227,0.60165,0.222507,2.23299,1.72942,3.0041,0.94902,0.937255,5703,1
0.790909,1.33491,0.564734,154.016,1.33525,1.10345,0.0106329,147.232,29.29,0.133617,4.78262,2,6.01537,0.781564,0.342222,2.26385,1.72365,3.98527,0.913725,0.560784,1408,0
1.07031,1.14705,0.639684,113.689,1.14511,0,0.00558453,187.964,45.796,0.0701773,1.81494,2,9.9431,0.693713,0.134571,2.20408,1.74781,2.90397,0.733333,0.52549,12183,1
1.12605,1.06727,0.678415,80.2897,1.14459,0.569231,0.00508935,153.553,43.424,0.0639546,1.78422,0,8.58579,0.543511,0.132251,2.17695,1.73537,2.86275,0.972549,1,4509,1
1.21986,1.08218,0.658296,84.8206,1.21166,1.17188,0.00406158,188.268,53.5285,0.0510393,1.00247,0,14.0375,0.745023,0.172646,2.12742,1.73537,2.56934,0.678431,0.705882,6108,0
0.959677,1.29817,0.667559,34.1925,1.11471,0.901961,0.00647213,184.423,42.1931,0.0813312,2.27372,4,8.829,0.559308,0.183511,2.20408,1.73537,3.62317,0.686275,0.498039,1712,1
0.875,1.54708,0.621252,158.59,1.25293,0.882353,0.00526023,149.926,42.1794,0.066102,1.70948,2,10.08,0.620106,0.199531,2.20408,1.72942,3.0041,0.788235,0.47451,1240,0
0.7,1.49072,0.601488,178.306,1.45835,0.590909,0.0105258,153.61,29.5054,0.132271,4.18068,2,6.07177,0.726911,0.172131,2.26385,1.72942,4.32591,0.752941,0.435294,1823,0
1.32143,1.19875,0.520753,64.8422,1.46401,0.857143,0.00728463,168.168,37.6188,0.0915413,2.64824,2,3.54474,0.811406,0.161521,2.33229,1.73537,3.20945,0.584314,0.376471,5877,1
0.844262,1.08544,0.557656,151.091,1.36501,0,0.00919312,109.861,27.2774,0.115524,3.36187,2,3.11251,0.785019,0.169811,2.33229,1.72942,3.80207,0.560784,0.482353,3845,0
0.633803,0.946792,0.593075,175.72,1.74673,0.75,0.00726265,111.55,30.9773,0.0912651,3.10803,2,4.0139,0.616009,0.223404,2.29688,1.72942,3.36792,0.878431,0.639216,0,1
0.839286,1.04302,0.658498,30.7509,1.45766,0,0.0040241,171.283,51.394,0.0505683,1.02969,2,15.6909,0.714661,0.195068,2.20408,1.72942,2.6962,0.894118,0.811765,7309,1
1.33333,1.21087,0.518671,58.898,1.9214,0,0.00656865,137.884,36.2134,0.0825441,2.55419,2,6.87014,0.660152,0.377952,2.20408,1.73537,2.56934,0.956863,1,6388,1
1.35354,1.16759,0.613335,91.4404,1.32605,0,0.00796823,138.146,32.6404,0.100132,2.89939,3,4.35082,0.544688,0.163683,2.26385,1.73537,3.62317,0.694118,0.501961,3496,1
1.07273,1.62001,0.55208,128.839,1.70982,1.79412,0.00755721,130.945,32.47,0.0949667,3.29367,2,7.87618,0.600965,0.268852,2.20408,1.72942,3.36792,0.807843,0.462745,5035,1
1.20202,1.46058,0.664545,83.7167,1.23502,0.911765,0.00738741,133.658,33.4477,0.0928329,2.98917,2,6.73487,0.753076,0.163462,2.23299,1.72942,3.36792,0.929412,0.560784,1697,1
1.20253,1.40765,0.565756,74.2184,1.30237,0,0.00900389,77.2262,23.1098,0.113146,5.64752,2,2.72579,0.743587,0.442857,2.33229,1.72365,3.14886,0.639216,0.45098,0,1
1.03175,1.8842,0.655983,118.401,1.09992,1.09091,0.0059988,182.487,43.5668,0.0753832,1.97193,2,9.66628,0.821539,0.182266,2.20408,1.72942,3.36792,0.866667,0.533333,0,0
0.865979,1.37813,0.577504,161.656,1.19824,0.967742,0.00646522,116.778,33.4773,0.0812444,4.83468,4,5.94959,0.826383,0.364661,2.26385,1.72365,3.14886,0.941176,0.631373,5237,1
1.20833,1.41211,0.441316,61.3633,1.8355,0.774194,0.00918891,112.406,27.6498,0.115471,4.2216,1,5.28158,0.738381,0.386922,2.23299,1.72365,2.31345,0.909804,1,3021,1
1.19048,1.68363,0.537201,80.4494,1.20577,0,0.00222616,155.256,66.0215,0.0279748,1.15211,0,8.88913,0.717346,0.655023,2.20408,1.71804,2.4223,0.827451,0.4,3276,1
1.1068,1.72839,0.569537,58.8654,1.23683,0.673913,0.0087037,183.003,36.1811,0.109374,3.82933,2,7.10377,0.79676,0.147132,2.23299,1.73537,3.62317,0.94902,0.494118,2573,1
0.74359,1.31385,0.64412,176.901,1.43337,2.08333,0.00992641,186.813,34.0722,0.124739,3.79219,2,4.37513,0.430861,0.226865,2.26385,1.7415,3.92373,0.780392,0.54902,2550,1
0.926471,1.23159,0.643003,177.355,1.08844,0,0.00558501,164.171,42.5485,0.0701833,1.90531,2,5.86386,0.433174,0.174888,2.23299,1.72942,3.0041,0.972549,0.631373,2280,1
1.92188,1.88025,0.588351,93.1048,2.21864,0.72973,0.0112646,161.886,27.7342,0.141555,5.72339,2,6.06573,0.772133,0.225,2.26385,1.72365,3.98527,0.890196,0.513725,429,1
1.18987,1.72434,0.641732,87.2469,1.26897,1.29167,0.0133387,129.4,24.612,0.167619,5.36042,2,4.81571,0.765519,0.2875,2.29687,1.72942,4.32591,0.803922,0.509804,0,0
1.58065,1.06039,0.676249,80.8463,1.62139,0.857143,0.00644688,105.894,31.8981,0.0810139,2.40479,2,7.77846,0.805444,0.34074,2.20408,1.72942,3.36792,0.819608,0.662745,5371,1
0.823529,1.43371,0.656644,0.0695604,1.23958,0.907407,0.00620936,180.135,42.2495,0.0780291,2.14319,2,11.487,0.714511,0.163683,2.20408,1.73537,3.62317,0.898039,0.529412,4385,0
0.792793,1.45021,0.649724,32.8268,1.56794,0.891892,0.00791392,183.355,38.0243,0.0994493,3.2931,2,6.60011,0.658006,0.252459,2.23299,1.73537,4.12236,0.666667,0.443137,589,0
0.651613,2.0657,0.566337,11.0691,1.67766,0.72549,0.0066828,158.469,37.0731,0.0839785,2.56279,2,8.26235,0.711853,0.264957,2.20408,1.72942,3.53021,0.878431,0.517647,0,0
0.821705,1.13708,0.552837,31.5954,1.5653,0,0.00772678,136.188,33.1226,0.0970975,3.09815,2,6.55181,0.549036,0.205056,2.23299,1.72942,3.80207,0.839216,0.654902,2911,1
0.867647,1.43529,0.52371,38.3563,1.27444,0,0.00649674,151.865,37.803,0.0816405,2.62497,2,5.72454,0.43927,0.211823,2.23299,1.72365,3.14886,0.956863,0.596078,0,1
1.02542,1.36835,0.565135,173.78,1.12187,1.03333,0.00682256,112.814,32.1101,0.0857348,2.90644,2,7.52875,0.795894,0.232143,2.23299,1.72365,3.14886,0.729412,0.447059,1997,0
0.993197,0.883521,0.650102,115.742,1.04662,0,0.00434805,181.601,51.0745,0.0546392,1.30769,0,11.2826,0.67805,0.168162,2.20408,1.73537,2.86275,0.882353,0.721569,1188,1
1.53763,1.39437,0.63986,85.7195,1.61703,1,0.00781138,192.585,38.277,0.0981607,2.722,0,7.32894,0.840672,0.161125,2.23299,1.73537,3.62317,0.827451,0.47451,8806,0
1.49438,1.84266,0.581566,99.1937,1.68626,1.29032,0.00900501,123.512,29.2785,0.11316,3.6332,2,6.45559,0.731052,0.189119,2.23299,1.72942,3.80207,0.807843,0.443137,389,0
0.992908,1.19707,0.322214,134.151,3.39153,2.85714,0.00964075,111.979,26.942,0.121149,3.80142,2,4.20397,0.338639,0.424779,2.23299,1.72942,3.0041,0.964706,1,3213,1
0.671233,0.762573,0.67015,178.8,1.73101,0,0.00591468,164.252,41.5929,0.074326,2.32035,2,1.68311,0.808649,0.320313,0,1.72365,2.55058,0.870588,0.470588,0,0
1.13636,1.25266,0.553561,125.51,1.81786,1.2619,0.00588574,166.152,41.9676,0.0739624,1.89337,3,9.41083,0.730614,0.291209,2.17695,1.72942,3.0041,0.964706,0.796078,5513,1
0.673077,1.60583,0.52658,6.5221,1.6242,0.617647,0.011022,98.9771,23.544,0.138507,6.71061,2,4.60193,0.540635,0.232484,2.26385,1.72942,3.80207,0.886275,0.486275,0,0
2.23077,1.56795,0.654288,84.9275,2.46557,1.23333,0.006596,198.082,40.0857,0.0828878,2.72714,0,6.90616,0.679581,0.429268,2.23299,1.72942,3.36792,0.952941,0.576471,0,0
0.93617,1.13737,0.446943,143.078,1.49672,0.795455,0.00646688,147.715,37.7692,0.0812652,2.74523,2,7.43737,0.782377,0.235457,2.23299,1.72942,3.36792,0.92549,0.662745,1409,1
0.902256,1.69748,0.607049,171.681,1.23848,0.723404,0.00582279,137.051,38.3446,0.0731713,2.286,2,7.89658,0.778519,0.212122,2.17695,1.72942,2.6962,0.960784,1,355,0
1.11538,1.36212,0.592175,124.432,1.14127,1.35294,0.0087572,146.328,32.078,0.110046,3.42442,2,3.13544,0.774151,0.158568,2.33229,1.72942,3.80207,0.717647,0.443137,918,1
0.483146,0.918752,0.620101,3.41579,2.25761,0,0.00711993,169.112,36.8451,0.0894717,2.32342,2,2.68008,0.358712,0.552885,2.29687,1.72942,3.0041,0.505882,0.537255,2743,0
1.38202,1.14076,0.621906,113.358,1.65025,1.46875,0.00933621,155.39,31.0703,0.117322,3.60097,2,7.42754,0.732856,0.185074,2.23299,1.72942,4.32591,0.85098,0.568627,3806,1
1.05051,0.739495,0.550991,134.267,1.26242,0,0.0104368,164.088,31.3319,0.131153,4.54605,2,2.03232,0.76855,0.175853,0,1.73537,3.62317,0.588235,0.643137,1572,1
0.936937,1.346,0.552711,171.359,1.13229,0.596491,0.00733417,164.337,37.4145,0.0921639,3.66926,2,7.92429,0.677283,0.197101,2.20408,1.73537,4.12236,0.839216,0.592157,3513,1
0.735043,1.65882,0.619161,164.095,1.5906,0,0.0108516,138.093,27.0404,0.136365,4.17159,2,6.90963,0.835751,0.219373,2.20408,1.72942,3.80207,1,0.976471,0,1
0.75,1.35667,0.555324,12.77,1.49197,0.842105,0.00436716,145.095,45.519,0.0548794,1.74646,2,11.0419,0.609015,0.256158,2.15145,1.72365,2.82612,0.913725,0.639216,3866,0
0.813333,1.51555,0.599672,158.754,1.41938,1.06122,0.0051537,135.446,40.5256,0.0647633,1.8926,2,10.5944,0.800313,0.271642,2.20408,1.72942,3.53021,0.894118,0.607843,1959,0
1,1.6213,0.513935,148.663,1.07729,0.605263,0.00937247,89.6478,23.8187,0.117778,7.0417,2,4.21789,0.501008,0.326923,2.26385,1.72365,3.14886,0.878431,0.466667,3292,0
1.06923,1.03981,0.649834,109.728,1.06776,0,0.00555153,195.47,46.8952,0.0697626,1.70745,0,6.30869,0.285974,0.121077,2.20408,1.74781,2.90397,0.933333,0.772549,6183,1
0.601124,1.82462,0.627533,3.53205,1.89109,0.786885,0.00552242,184.072,44.3409,0.0693968,1.62284,2,11.2474,0.815649,0.199542,2.17695,1.72365,3.14886,0.917647,0.603922,0,0
1.03488,1.67094,0.702998,177.529,1.26304,0,0.00240596,200.306,72.1344,0.0302342,0.464142,0,10.9557,0.453808,0.427886,2.20408,1.71804,2.01935,0.937255,0.639216,13833,1
1.27273,1.72639,0.497034,117.824,1.60029,1.07692,0.00896571,107.399,27.2565,0.112666,4.05618,2,7.84948,0.773876,0.170213,2.23299,1.72942,4.32591,0.847059,0.564706,902,0
0.679389,1.32372,0.605627,4.49881,1.60337,0.83871,0.00961042,187.971,34.3433,0.120768,3.46035,4,5.18483,0.550357,0.224615,2.26385,1.73537,4.12236,0.780392,0.454902,2590,1
1.10638,0.964914,0.55002,75.6973,1.11271,1.1,0.0106594,97.1439,23.8661,0.13395,4.84626,2,1.39518,0.708653,0.167801,0,1.73537,3.62317,0.592157,0.486275,3106,1
1.2437,0.997632,0.553288,86.3785,1.23311,1.13793,0.00265604,125.238,54.2864,0.0333768,1.85916,0,5.87014,0.831508,0.351726,2.23299,1.71804,2.4223,0.858824,1,2916,1
0.990476,0.991353,0.588324,43.4563,1.26781,1.21429,0.00995722,181.709,33.7634,0.125126,3.84016,2,2.28094,0.751102,0.16573,0,1.73537,4.12236,0.568627,0.427451,6001,1
1.53763,1.67858,0.553801,117.043,2.2078,0.942857,0.0090069,91.5191,25.1854,0.113184,3.28628,2,7.00601,0.855058,0.275,2.23299,1.72942,3.80207,0.827451,0.439216,1266,1
0.943925,1.47072,0.493523,138.098,1.34006,1.33333,0.0101012,163.36,31.7877,0.126935,5.30228,2,4.15083,0.70604,0.197832,2.29688,1.72942,3.36792,0.866667,0.466667,3013,1
1.02885,1.64264,0.650926,48.9752,1.0375,0.56,0.00850592,127.585,30.6087,0.106889,3.29936,2,6.544,0.681708,0.186701,2.23299,1.73537,3.62317,0.964706,0.627451,0,0
1.15556,1.20369,0.622697,87.1494,1.76102,0,0.0043195,145.441,45.7568,0.0542804,1.41305,2,9.51558,0.408132,0.449076,2.12742,1.71804,1.85457,1,0.921569,1528,1
1.02062,1.58214,0.627773,129.328,1.23407,0,0.008758,85.4537,24.6929,0.110056,3.6405,2,4.10192,0.676262,0.319277,2.26385,1.72365,3.53021,0.827451,0.976471,0,0
1.03876,1.0055,0.627271,132.634,1.3597,1.54545,0.00592201,134.319,37.6507,0.0744182,1.93931,2,7.67576,0.709494,0.165866,2.20408,1.73537,3.20945,0.717647,0.517647,10308,1
0.948718,1.65599,0.601948,149.556,1.44121,1.81481,0.00868922,188.643,36.8303,0.109192,3.24862,2,6.07577,0.674404,0.15847,2.23299,1.73537,4.12236,0.85098,0.486275,869,1
0.883212,1.12265,0.688454,153.3,1.39937,0,0.0053327,154.172,42.4333,0.0670127,1.75792,2,12.555,0.668967,0.194149,2.12742,1.72942,3.36792,0.843137,0.694118,7661,0
1.02439,1.33942,0.566041,130.533,1.41254,0,0.006173,125.856,35.1608,0.0775722,2.55731,2,4.58659,0.552188,0.217617,2.26385,1.72365,3.14886,0.654902,0.419608,11325,1
0.517483,1.73051,0.636222,179.357,1.95692,0,0.0106655,180.39,30.8467,0.134027,3.67532,2,7.21646,0.653437,0.220895,2.23299,1.72942,3.80207,0.796078,0.337255,439,1
1.0885,1.04188,0.526405,51.94,1.68108,0.807692,0.00780499,149.246,34.5664,0.0980804,3.29367,2,4.15676,0.665706,0.228985,2.29687,1.73537,3.62317,0.631373,0.517647,6787,1
1.63218,1.1014,0.569613,94.1251,1.74587,1.4,0.00807206,99.7387,27.7893,0.101437,3.42865,0,6.75144,0.753302,0.193732,2.23299,1.72942,3.80207,0.760784,0.74902,4349,1
1.05882,1.10101,0.609341,65.7791,1.05979,0,0.0083331,106.608,28.0925,0.104717,3.57692,2,2.16127,0.814847,0.212534,0,1.72942,3.36792,0.741176,0.45098,7558,1
1.08594,1.73417,0.653693,119.511,1.12579,1.85294,0.00552245,181.284,45.2953,0.0693971,1.722,0,8.05362,0.657773,0.150225,2.20408,1.73537,2.86275,0.87451,0.494118,3446,0
0.966942,1.56974,0.645652,142.797,1.28194,1.16667,0.00690025,149.773,36.8281,0.0867111,2.36868,2,9.35283,0.827951,0.162562,2.20408,1.73537,3.62317,0.839216,0.443137,1755,0
1.48113,1.55484,0.508262,65.008,1.85638,0.954545,0.00716892,140.093,34.1811,0.0900874,2.68894,0,7.79919,0.655506,0.256024,2.20408,1.72942,3.36792,0.905882,0.431373,11313,1
1.02098,1.86605,0.588873,47.4354,1.52816,0.571429,0.00515981,155.635,43.3601,0.0648401,1.57634,0,11.8373,0.678466,0.18578,2.15145,1.72942,3.0041,0.843137,0.458824,1680,1
1.07692,1.17195,0.645231,83.1738,1.07524,0.914286,0.00685266,191.672,41.7836,0.0861131,2.33574,0,6.32219,0.764698,0.158654,2.26385,1.7415,3.0548,0.713725,0.431373,4938,1
0.972973,2.2794,0.567943,141.409,1.26279,1.21212,0.00936924,169.035,33.5111,0.117737,3.54036,2,7.11566,0.793941,0.183727,2.23299,1.72942,3.80207,0.905882,0.447059,360,0
1.01961,1.50379,0.60723,92.1847,1.10747,0.589744,0.00724054,133.855,33.8487,0.0909873,3.92476,2,5.54872,0.775728,0.196923,2.26385,1.72942,4.32591,0.831373,0.478431,1239,1
1.14407,1.25584,0.568299,52.7562,1.33331,1.77273,0.00443155,115.692,40.3909,0.0556885,2.17928,2,3.66644,0.376457,0.626214,2.23299,1.72942,2.6962,1,0.988235,4308,1
0.979592,0.998666,0.447964,34.4243,1.09867,0.894737,0.00424178,113.227,40.8445,0.0533038,2.26514,3,3.01748,0.77011,0.330901,2.33229,1.72365,2.31345,0.607843,0.490196,6342,1
1.32353,2.2239,0.530474,84.8928,1.30825,1.09091,0.00794244,52.0437,20.237,0.0998077,6.64873,2,4.56277,0.843502,0.328948,2.26385,1.71804,2.67059,0.988235,0.635294,0,0
0.865169,1.8081,0.439333,155.201,1.41456,0.584416,0.00407203,136.976,45.7883,0.0511707,1.62263,2,10.9427,0.678684,0.408334,2.15145,1.72365,2.55057,0.992157,0.647059,475,1
0.904762,1.55545,0.606316,26.9784,1.15213,1.24242,0.0108961,170.414,31.2442,0.136925,4.27344,2,6.63333,0.697796,0.216129,2.23299,1.72942,4.32591,0.8,0.498039,672,0
0.891892,1.3337,0.685913,6.10122,1.11297,0.733333,0.00802281,144.459,33.4576,0.100818,3.18172,2,4.50101,0.702912,0.203438,2.29688,1.72942,3.36792,0.917647,0.545098,374,1
0.91,1.77823,0.600714,7.05276,1.1117,0,0.00596884,115.908,34.8018,0.0750067,3.02185,0,7.21203,0.557889,0.192308,2.20408,1.72942,3.36792,0.847059,0.545098,955,0
1.18947,1.17264,0.635026,111.339,1.35854,0,0.00975527,174.347,33.4164,0.122588,3.64117,2,3.37998,0.790573,0.169192,2.29688,1.73537,3.62317,0.662745,0.85098,1965,1
0.884615,0.572419,0.578361,144.751,1.72403,1.26415,0.0065428,101.026,31.0641,0.0822192,2.596,2,14.7995,0.637535,0.223404,2.08333,1.72365,3.14886,0.521569,0.968627,1065,0
1.09722,2.36747,0.683061,75.7617,1.15966,1.63077,0.0039469,157.467,49.9045,0.0495982,1.03594,0,17.3451,0.731387,0.190584,2.20408,1.72942,2.6962,1,0.572549,0,0
0.908497,1.07366,0.517609,29.8889,1.57709,0.75,0.00549104,152.935,41.6702,0.0690025,1.85211,2,8.54482,0.801622,0.280405,2.17695,1.72365,2.82612,0.905882,0.705882,5679,0
1.52564,1.31701,0.666343,93.7248,1.56522,1.12,0.00866551,110.43,28.2003,0.108894,4.0381,1,4.74294,0.642142,0.167553,2.26385,1.72365,3.98527,0.686275,0.407843,6980,1
0.691011,0.743659,0.818717,170.375,1.4625,1.80952,0.00275745,178.715,63.6391,0.0346512,0.70338,2,6.41095,0.225079,0,2.08333,1.71804,1.2702,0.698039,1,2496,1
