-1.43911434033,0.210068694126,0.96480831015,0.0366107270174,-0.458768728195,1
0.685770347629,-3.04500964189,1.33685582741,0.64445425016,0.422201667401,0
1.41615898415,-1.32735878581,-1.51982477233,-2.63499266448,-1.33300208743,1
-0.0898527231449,0.928162572683,-0.855078231156,0.432773275107,-0.415410717748,1
0.780196141578,0.407656638389,-1.13814028992,0.519860593262,-1.30990244142,1
-0.629968346953,0.0252707699892,-0.418063772268,-1.25057971108,0.0984257265274,0
-0.685112447987,-0.862200989922,-0.368403098851,0.495917842166,-0.115722530246,0
1.31101042952,-1.40438723413,2.3273804996,-0.314736013633,1.77686183926,1
-1.21389288427,-0.700776920315,-0.0585982318869,-1.14973913622,-1.19989381212,1
0.223161227849,0.838805821273,-0.570366713015,-0.117970849622,-1.08197395246,0
1.50808892624,-0.880309935437,-0.714276963926,-0.120156481454,-0.444001227164,1
-0.847327670075,-0.156184705195,-1.84513760356,-0.17158290099,-1.97787255136,1
-0.189812812455,1.49208494338,0.987949090319,1.24064980577,-0.474531288222,1
-0.886084204958,0.226954917083,1.21990110394,0.226428994941,-1.18720185436,1
0.122524964252,1.73617535137,-1.17462838232,-0.209229564219,0.0747905956189,0
-0.407512459273,0.0428289850878,-2.10131456614,0.74238530678,0.818163873481,1
-0.198157058008,0.195707624997,0.111480978074,-1.35821678714,-0.462363167493,1
-1.59316772479,0.3198727301,-0.533290841691,1.2280242589,-2.17735424166,1
-0.248660887069,0.619750654651,-1.146006075,-0.173452201962,1.12614686667,0
-0.842241464712,-1.30852949588,-1.08079357352,1.61566432148,2.7729494455,1
-0.0685133579204,-0.41991894977,0.511257895358,-0.0804617821372,0.150129336873,0
-0.0755753367311,-0.813273387113,1.82803607698,-0.243514237589,-1.43674048418,1
-2.39058220901,0.448044858085,-1.63037514753,-0.936378983143,-0.673586813232,1
-0.303852874895,-0.747297510101,-0.757376765951,-1.271485576,-0.207130781177,1
-0.375398516122,-0.536481730681,0.54382742586,0.33962244061,-0.416405700958,0
-0.404162354026,-0.187720988007,-0.747533010403,-0.293030314363,-0.0504065810197,0
-1.68822171185,1.44998817855,-0.224386880448,-1.04111507248,-0.310990299024,1
0.933039114389,0.55658451032,0.129831647619,-0.805875872337,0.79675742623,0
1.25476866792,1.06732777232,0.19587652313,-0.553297921699,1.46301207813,0
-1.67040292165,-0.0027680605082,1.40891401815,-0.380288970753,0.541808236235,0
-0.185990508049,1.08992962254,1.27791162634,-1.22096817864,0.358503501029,1
-0.169254351535,-0.432432419109,-0.244963589309,0.577309752005,-1.40767685186,1
-0.205563924157,-0.522958197584,1.26166574608,0.26203339872,1.65403587525,1
0.271742744899,1.73192972873,1.12921874333,0.919723557613,-0.371947056745,1
0.0728394172292,0.873021422299,-2.00514626417,-0.414183323466,-0.784928377915,1
0.991490366666,-0.670054571485,0.452481185025,-1.19673384603,-0.850779887203,0
0.0597864778859,0.06883950197,-1.39616660638,1.59787629924,-0.119884254451,1
-0.323554864224,0.63794760105,-1.77925979911,-1.14001099173,-0.0758649001261,0
1.1837790392,0.131509072314,-0.899783631349,-0.961032554499,0.535407837548,0
-0.868928157729,0.681795010032,-0.969116834077,-0.556815515232,0.450736761301,0
0.202744642384,-1.17396841255,2.03099850827,-0.31045602134,-0.378468137873,1
-0.00824339787563,1.47442575048,-0.728075855653,1.69102805474,0.298905392907,1
0.879480256409,-1.03222989384,0.429843230101,-0.110968459549,1.13571665784,0
-1.00502821589,-3.18803620264,0.617477032638,-0.158239243338,0.329082830657,0
0.223072483032,0.351760154759,-0.14288082201,0.26066011194,-1.29502830056,1
-0.231785208698,0.919907754619,0.841056758547,0.278123974974,-0.0647143801893,0
-0.788765024935,-0.0803786345377,-0.933629744363,-1.67567231307,0.0172765588643,1
1.10122451143,-2.43695067728,0.997002984033,1.23219280673,-1.12533071787,0
-1.21571630541,-0.937321764107,-0.552691442939,0.189979771138,0.810355899407,1
-1.76370068511,-0.939680954374,0.510918518041,0.996081227047,-1.06944015546,1
-1.86507528219,-0.980807801591,-0.539572306174,1.61829720907,-1.36581288882,0
0.558432496736,0.703227736501,-0.194959298492,-2.31645646288,1.27887531279,0
1.07398185397,0.0102325557668,0.812663724721,0.206104138624,1.58620942046,1
-0.665868351575,-0.634299609827,0.789357285504,-0.621159794865,-0.697496201449,1
1.34693940141,0.451571847911,0.0868916868359,0.105415837659,0.234614637406,0
0.0173041340991,-1.18118466178,0.626101324475,0.144474134953,0.0833015567835,1
1.18604759024,-0.517287894959,0.800743226991,0.601509470109,-0.980390063803,0
-0.231458473705,-1.52180308116,-0.324846215439,-0.25576851664,1.31286228795,0
-0.0963487943048,0.661529275209,-0.0366444522206,0.754643331112,1.03143078031,1
-1.2705137631,1.27685022772,-1.21165066362,0.832856004011,0.774621524982,0
0.0908082507419,-0.351218476911,-1.28204221416,1.23781455008,0.182518052087,1
1.11476687299,0.359629319438,-0.911578905737,0.0148677625236,1.13006691984,1
-1.4027864277,-0.512771065834,-1.51531642315,-0.617388450733,-0.132733224837,0
0.118961384168,2.0295039402,-0.894200358362,0.245887129701,0.233282188018,0
-1.6532312403,-1.10710279276,-0.379218725728,1.10108888804,0.101980490943,1
-1.6315367897,-0.0904365557128,0.0448226534212,-0.615204327309,-0.468641606117,1
1.19646681162,-0.0225454434748,-1.21232539094,-0.449071137941,-0.670180988337,0
1.66608469687,-0.507632398044,0.300556178831,2.60275160627,0.294496117395,1
-1.30738860069,-0.51849038428,-1.36658688788,-0.511656940292,0.550837654124,1
-0.373340599658,-1.37918316099,1.09748523558,1.63234211152,0.755456483491,1
0.224133159732,0.781204512236,-0.99896322254,0.431655809356,0.868091292879,0
-0.726422109362,-0.936613672594,0.391878729991,0.135520847329,0.4161259285,1
-0.071599441127,-1.56585690061,-0.824422590797,-0.0533821176464,0.098494434797,1
-0.884187641611,0.411480491012,-1.23581501571,0.358672017009,2.14811013043,1
-0.117161083188,-0.385403393653,-0.250865871496,1.66962312309,1.11625956434,1
-0.948389917157,1.20827053202,-0.242709458192,0.370566393158,0.800230284083,1
-0.301300735447,0.458679705336,-1.21117948227,-1.60172601307,-0.0864556472274,0
-0.799683818521,0.468108436232,-0.236035074009,1.51775900993,1.08655874445,1
0.420751336458,-0.292956534709,-1.35978959291,-0.656003037648,-0.7356213708,1
1.4597368319,-0.197616560883,-1.14782434786,-0.780893249372,0.126882166575,1
-0.109929489465,-1.28282711501,1.46655693925,0.126094620737,1.80009068313,0
1.78600550077,0.405320782843,0.0478355030384,0.359598333846,-1.34392174824,1
-1.01153296905,-1.81169666784,1.41496686336,0.586328973443,-0.816418235771,1
-1.29104601665,-1.04718404744,0.409720058216,0.796444820269,0.640410283811,1
-0.131273026749,0.292060424993,-0.201837085378,-1.11520650792,1.35103530665,0
-0.154102313578,-0.193532332125,1.88434740362,-2.2405271762,-0.823054896465,0
-1.78784545435,-0.426442397546,1.04285826897,-0.318435427813,-0.208365716689,0
-1.4219372598,-0.655114648616,0.782287564764,-0.0620274082824,-0.355614614137,0
-1.22396421539,-0.3009902948,0.0352570508934,0.757963593196,1.2589521143,1
-0.230337720208,0.787284320445,0.117355885526,-0.193060067083,0.512891608125,0
0.261823576154,0.523504258322,-0.563020690446,0.712015303618,2.45531238237,1
-0.242227004432,-0.151662553259,1.04722761832,2.25547391179,-0.476399504374,0
-1.86351159695,0.967706186529,-0.129632240081,1.61213032549,0.801352138132,0
0.538872007973,-1.49254312778,0.39754352877,0.639821495704,0.713925340225,0
-0.431411522047,1.21275946018,1.51584862494,1.19756362644,1.27091930054,1
1.18516648801,1.78704179567,0.266789412586,-1.81351009605,-1.6104556824,1
-0.457860362049,-1.51485848405,1.47836788128,0.132708994714,-0.0768636652826,0
0.967904645754,-0.0954426198785,1.09185143263,-0.347068449362,0.102646006562,0
0.301116149454,0.101673559226,-0.759195457192,0.204879483068,1.30543520105,1
0.66103616906,-1.56937161147,-2.60543519072,-1.90133852505,0.859900091704,1
0.565342779624,0.0733896103877,-0.426728420285,-0.204550613237,-1.0636736336,1
-0.976752298546,1.40179616726,0.944879573422,-0.962181595137,2.01497730034,0
0.124884391748,-1.86770128392,0.504529620576,0.00346055487872,0.101179753994,1
-0.324694021077,-0.883846709327,1.97249327741,0.422564042417,-0.105103837255,1
-1.50559048613,-0.131220732561,0.265169260526,-0.205223879891,-1.13296086688,0
0.8391507144,-0.963461127518,-0.873295450273,-0.973706469544,1.14550105049,1
1.24332752192,0.0456879112847,-1.52061258821,-0.579331259564,-1.06549220755,0
0.963126972774,-0.193128150151,-0.0502904931751,0.120512766297,1.17891271724,0
1.44822708688,1.37637950167,-0.149610164631,-0.89457384975,-0.805223667255,1
0.410481642367,-1.13149529688,0.212077747557,0.669773187414,-0.799361052409,1
-1.3605152526,1.03423639079,0.158003713484,0.875067383258,-1.50461108266,0
1.98125439578,-1.08631355079,-0.772548380208,0.475220114025,-0.595234557334,1
0.942844051857,0.294588194429,0.0285463493453,-1.38691578672,-1.29055393207,1
-1.04604708446,-0.416712024456,-0.932887963251,1.26508113501,-1.81594490166,1
-2.06208036376,-0.239123201974,1.00514174159,0.998874712488,-1.16189008349,0
-0.972904876085,-0.340209557561,-1.61246981676,-1.5932783252,0.0972210231679,0
-0.486869592324,1.13378427204,-0.181991010693,-0.248640445918,0.367045591611,0
-0.524973596616,-0.414048379169,-0.140768526638,-0.637445698083,-0.755160560355,1
-1.39010231279,-0.401288599723,0.495189270131,2.06346916648,0.716491775469,1
0.713804077651,-1.91276822292,1.0133048898,0.616828235742,-1.48609275413,0
-0.645055531535,-0.319393988466,-0.497809639877,0.444641960821,0.818899227934,0
-0.580224337331,0.167250151872,-1.70573482475,-0.583976160536,0.422988419635,0
-1.09564471833,1.37237463156,0.117863308135,-0.856665350587,0.960463972636,1
-2.93991712078,-0.274417720721,-0.746772604659,0.111638550871,-1.57584418927,1
-0.813890558806,1.64496006548,0.439090442152,-0.315750644694,1.1793393272,1
-0.424827668158,-0.776466110387,1.37787319013,0.817917701602,0.673304222108,1
0.159564500998,-0.717684351189,-0.628980642951,-0.0515410088504,-0.323072542627,1
-0.0551850203118,-0.0897908441001,-0.828812104373,-0.708331275989,0.289031190255,0
-0.150578534522,0.672773368388,-0.152068275119,-3.36395662426,0.461629619593,0
0.883185878474,-0.551907646933,0.40961132204,-1.10611871518,0.285875816766,1
0.757942885803,-1.42755668663,-0.04804276819,-1.1524273294,-0.377152420578,0
-1.53025973304,0.541552163517,-2.04690893546,-0.647086925109,-0.308864393082,1
0.420655488932,0.644960708207,-2.67382117196,-0.852736510135,0.0400513837379,1
-0.6606616138,0.376014738089,0.800700712427,1.2657203548,-0.340428055897,0
-0.446869255896,1.25936060445,-0.867507218891,1.20162913519,-1.50771768731,1
0.0349033819937,-0.670808587151,1.12222199586,1.91601645897,-2.56654294784,0
-0.96584360763,0.527267607311,1.48859699832,-0.857712158803,-0.324047121089,1
-0.00800100349727,0.659502579566,0.744366007107,-1.58886580993,0.194723514157,1
-0.405409528667,0.151058906024,1.22402215152,0.823060723816,1.71698366344,0
0.216910052613,0.987630073988,-0.151990696873,-0.193680966407,1.164047082,1
-1.45595587662,-0.583619765299,-0.184038930731,0.776880427146,0.577648504716,1
0.460032410999,-1.40940152269,-0.308018609287,1.49721535556,-0.0239403887696,0
-0.0555878122277,-0.0757329881867,0.335733213439,-1.11855337771,-1.32737866639,1
1.68795061505,-0.559751143041,-0.844937626467,0.532656569501,0.0350015425905,0
0.425879673758,-0.878040454874,-1.15715873738,1.71659096246,-0.39851007867,0
0.652138300564,-1.52032026381,-0.607425160252,0.039418582614,-0.650660846009,0
-2.00365960884,-2.36834229688,-0.0846260074281,-0.808650313993,0.13837677879,0
0.547970210723,0.49643461689,0.220402745728,-0.0407671171122,0.825987863924,1
0.184251180807,-1.87644453534,0.998356813089,-0.109722725269,2.20866840499,1
-1.25162959431,-0.90090210222,0.749093733037,0.177287728746,-0.150943778401,1
-0.0968757740181,0.968919299452,-0.513205032298,0.37993219858,-0.45242473806,0
-1.2884809595,-0.63727571669,-1.19392877698,-0.789436188352,-0.568368886233,1
-0.805563170355,0.0699879905298,0.466132993584,-0.0256898755474,-1.843473119,1
-0.804651217592,0.295232971086,1.18530302256,-0.29111236569,1.64108871944,1
1.02107457035,0.316406812495,1.43148345217,-0.305724885708,0.350364822195,1
0.323168526013,0.384443783024,-1.12678619441,-0.110852606429,1.04473911311,0
0.518729523465,0.127827064092,0.912714806266,0.216486967505,-0.646394416251,1
0.318787239891,-2.46035405754,-1.14217015592,-0.648809412855,-0.0689928843863,1
-0.144707328026,-1.98118757019,-0.550947902083,-0.278547423887,-0.524313178828,1
1.27297130352,0.373754431456,-0.60130835575,0.565858171815,0.962334203941,0
-0.308198644054,0.509504764302,0.0194955624846,-1.45227831654,0.00558403640809,1
0.433825834811,1.52549473955,0.825050174955,-0.988072236108,0.171444796586,0
-0.771928037605,0.531676433914,-0.349079500611,0.129067125053,0.149927468786,0
-0.00327325291953,-0.0679032495479,0.400138795664,-0.43725241963,2.25178594511,1
-0.582333438676,-0.645711848391,0.164399335576,-1.58764132446,-0.972336215911,0
1.10030606018,1.39074936605,0.97756864729,-1.39421287799,1.58993147142,1
1.88897775378,-0.730218514113,-2.04668408109,-0.616522661124,0.37503340033,0
-1.3215389638,0.082501949905,-0.231919574832,-1.3019787106,-0.544868766733,0
-0.0282902837767,0.260306991181,-0.223404847836,-0.0708156494465,0.110285523355,1
-0.340414890399,0.237749901136,0.131289628888,-0.143298823207,-0.333122754496,1
0.0448068286801,0.890959723005,-0.193406853472,0.0109411435851,-0.531195727589,0
2.24057471122,0.96026348425,1.27414932245,-0.437249639495,1.22119159052,1
0.0686931296119,-0.658176102786,0.322116011331,-0.888090852158,0.871378858954,1
0.853440503527,-0.535884017952,0.931320953377,-0.768519149366,-0.328105672786,0
1.65060444739,-1.12387699468,0.353803156113,-0.988220262849,0.594630128782,1
-0.152095650057,0.84866169021,-1.72614495455,0.0122674570132,0.872548549054,1
-0.576474830005,0.790834966682,-0.501369678237,0.17216883023,-0.239526671711,0
-0.11657218312,0.653932306383,0.0860624934632,-0.733415167151,-1.16071600897,0
0.552460955773,-0.60200300762,0.628960237212,-0.0591651177111,0.0645286672626,1
-0.773016652744,-0.127567778686,-1.52558284798,-0.560624186085,-1.2982234502,1
-0.232184974494,-1.2647176952,-0.934047750521,0.784973105653,0.486263874011,0
1.24874991945,-0.86622931016,0.491378605508,0.356306336325,-1.18559231923,1
-0.518638001046,0.198684359837,0.377548313903,-0.95408782214,-1.01841890794,0
-1.08379577827,-0.190464146192,-0.789952195386,-0.274931269105,-0.839507630838,1
1.34776897903,-0.321394327394,-0.701279811443,-1.52674631737,0.311003704679,0
1.06281953012,-0.317627142453,-0.0601570804054,0.326056022007,0.256300526877,1
0.803862703071,-0.709988413349,1.70224861527,0.953449660656,1.46547609959,0
1.22511669447,0.825642028796,0.763691536684,1.70160206706,0.509628930588,1
0.684850448024,1.19882877181,1.59857628281,-0.192505854778,0.524756456948,1
0.246426314886,1.29895823035,0.0776935424685,-1.16413781707,0.756891097561,0
0.384054701298,-0.596323350342,-0.842315069436,0.645541739439,1.20475955787,1
-0.311062958429,-0.458179754259,-0.0093418478586,-0.817355037751,-2.78687920242,0
0.328299225817,-0.711549885941,0.101579813116,0.591539021674,-0.959808524908,1
0.385399847846,-0.18338436026,1.17839146109,-1.71166184391,1.50676679445,0
-0.562377915601,-0.175116309307,-1.11748495564,1.18033349857,-0.386086285661,1
0.192846981335,-1.92172344582,-0.215173746608,-0.260068270695,-1.05364245276,0
0.557387593259,-0.648432164037,0.170029607566,-1.46263887071,0.313920676266,0
-0.00434280239247,-1.45829587426,-0.593070696533,-0.134869446867,-0.469215426531,1
0.828224137467,0.615504586551,-0.154965314179,-1.26566476653,-0.120232531181,1
-1.81200495256,-1.15068519955,-0.439816982687,-0.376224574582,1.98377652671,1
2.02789906925,-1.54406549426,0.279579264269,0.98143834447,-0.0272853942028,0
0.293035970623,-1.1965911852,0.526243571299,0.960241968606,0.471615572217,1
0.561415690039,1.18706624764,-1.53440999685,0.0282932853361,1.29534026181,0
-1.48570196574,0.172367830059,-1.40121231131,0.84117412862,0.416134269663,0
0.58836742266,-0.405006291945,-0.609733156862,1.36255921098,-0.745379037525,0
-2.43944676137,1.82377643634,-1.15821951902,-0.863243319793,0.32543977863,0
-2.76724663769,-0.251574183174,-1.74112638974,-1.17697098192,0.471576092136,1
-0.960717206633,0.0631009181812,1.35410690624,-0.858432560366,1.08030019052,0
-1.34034371211,1.47397649893,-0.342503392896,-0.0942351601661,0.810794704605,1
-1.07896360206,0.929240594181,-0.421138563952,-0.247863201923,-1.33390083084,0
-0.754242445543,-0.100157257028,-1.05287045964,0.527054888579,0.170857604727,1
0.311995776333,0.36198185006,0.287180705909,-0.321490065399,1.80287484378,1
0.981628285296,0.176163543598,-2.00147341659,-2.0859402126,-1.23275246818,0
2.75150915377,1.10228043351,0.261297449907,1.57783363112,-0.513145705387,1
-0.150443211413,0.690231342789,-1.18496486656,-1.75982044626,0.331074056651,0
-0.756139851504,1.05766994344,0.608221827666,-0.551945408959,0.135838242747,1
-1.63232936405,0.275476998033,-0.763663570995,1.04607130663,-0.283085538785,1
-0.0306738227145,0.885909717806,0.0163506805382,-0.487300627458,0.139383722615,0
-0.0916816766742,0.571049053791,-0.613776686758,0.125520231594,-1.45482969351,0
-0.670329940821,-1.28863017532,0.209177414994,-1.7297749567,-0.607700204483,0
2.00150248772,1.28645401683,-0.351115440929,2.40406778721,0.66030709377,0
0.964632487614,0.242399287682,-0.240223128112,-0.272021266894,-1.68583672978,1
-0.297498130068,0.583563804711,-0.27084158039,-0.964064517241,-1.60302169291,0
0.208354333333,1.27431290602,-0.698578795574,0.0914724826864,-1.15148846952,1
-2.54783007091,0.0458363526131,0.0234323262291,2.14230556981,0.684953437721,0
0.588788637843,0.2519290788,-0.34404781964,0.598745518942,-0.235776712104,0
-0.805356954966,0.595886383014,-0.593492275427,-0.310505479727,0.980046457825,0
-0.751996702605,-0.755331765953,-1.18241624238,-0.725445322222,-0.244661245302,0
1.43250861018,-1.11906199653,0.820678674311,-1.68485078163,-0.364785203751,0
1.54573508947,-0.528635375461,0.194180490091,-0.227138799585,2.62824227356,1
0.304285474522,1.26085387279,1.11434927635,-1.14894360031,0.0019697984716,1
-1.68369845331,0.273224240843,-0.686082501131,-0.337835495651,2.67238699629,0
-0.110568729408,2.11258835644,0.210635091154,-0.663383278617,-0.298433861519,0
-0.346104623273,-0.41825244647,0.315430597894,0.171653127493,-0.0518872385739,0
-0.0121025349087,1.1809521371,-0.700566378083,0.321887532434,-1.56481256372,1
1.5424794798,-0.0893165275775,-0.618271274497,-0.165170664449,0.350364943747,0
0.601353664641,0.259043592371,0.213659480099,-0.116955734764,0.53542423666,0
2.37525461457,0.82578349864,0.325276172073,0.306310860397,-0.722269317297,0
0.743125829218,-1.13901136335,0.25037926652,0.0920200078444,-2.77884981245,0
0.940979088044,0.474080214313,-1.33967844881,0.754023822762,1.44547028562,1
0.896866233393,0.078960567558,-0.662710708874,-0.0659870770646,1.47035213629,1
-0.268270915238,-0.585941066015,0.281893624996,-0.683289833498,-0.0734487496287,0
0.837700076847,-0.125980027407,0.992761340281,-1.19280613138,0.864412511112,0
0.246476120987,1.08720368731,1.89903172605,1.25505285522,-0.149400767513,0
0.319366280518,-0.596230503305,0.532816025097,-0.200003449288,0.556032433421,1
-1.00821042064,0.625681022113,0.320536771378,1.10871597724,0.502904838891,1
-0.130031963576,0.19791314308,1.02122650413,0.911250813376,0.3062064302,1
-0.498511836459,-0.0385578667052,-0.649943727266,-0.765793077972,0.282172244303,0
0.618115068111,1.13941432564,-0.0455963203492,-0.934623716302,-0.59611774569,1
1.11077223602,1.22999410429,0.341851509049,1.14691905541,-0.729218819788,1
0.329070684082,-0.163022316485,0.48483046896,0.0183233869875,3.1888901566,1
-0.809698504451,0.282522805073,0.514648589984,0.0261897831644,-0.600191221204,1
1.17725447919,0.712042666166,-0.0212986534994,0.705046764927,-0.36576224304,0
-0.597630918808,1.8648115481,0.0705446182958,1.65528439477,1.54211233273,1
-0.229188500415,-2.23051780439,0.972579552496,-2.05374320703,1.24750467784,1
-0.989609619513,-0.0294921507738,-0.429204608326,0.632557078073,0.367730442179,1
-2.02001052218,0.837682513888,-0.248774439536,-0.0165579140858,-0.43916662852,0
-0.0128013951588,0.374976739667,-1.30142647201,-0.558796038203,1.60737388172,0
-1.62990324247,-0.0985145780834,-1.759796606,-0.583307528255,0.670166569007,0
-0.517053666652,-0.0653495564177,-0.568155790455,-1.5055020426,-1.12668228351,0
0.216354461501,-0.924947561616,-0.309208648944,0.190379437473,0.905136851424,0
1.97535856882,0.59109657968,-0.457073025263,-0.0247912246239,0.679643174567,1
0.182598086481,0.161189921951,0.0167313600394,0.258291263329,-0.924873918856,1
0.3488566273,-0.347744249804,-1.47044728335,0.6965463247,0.156979555867,1
-0.152678186122,1.17045607408,-0.171161255909,-0.906713975218,0.388595096174,0
-1.07583788626,0.803396464861,0.815525760902,-0.616141652551,0.87245537486,1
-0.581463195939,-1.28732487632,1.75882769411,-0.418832698095,0.881813904029,1
0.529983482638,0.883170429906,0.334402974106,-1.80443314172,0.251857166256,1
1.325291769,0.703737702712,-0.395900666479,0.162656770519,-1.88309270765,1
-0.0930609335087,0.218115334757,0.514414060736,-0.259335138993,0.671381862561,1
0.248566695301,-0.813224593666,0.203047180153,1.06038389892,0.387777034934,0
0.15404461696,-0.620820427811,-0.724516694014,-0.263142000547,1.61876997368,1
-0.984187231374,-0.102563452965,-1.30709576865,-0.443726812522,0.911827784818,1
-0.143616289259,0.543347360734,0.488728300846,-0.387795028713,-0.294299427775,0
1.30853451649,-0.750770370434,-0.0107099877959,1.14145672527,0.761985879497,1
1.28089941393,0.348109716673,0.290650016253,1.52882983405,-0.622480061222,0
0.689339867324,-0.13974028601,-1.29162928464,0.905894578922,-1.00668965163,1
-0.551728933373,-1.57910598288,1.20152453318,-1.32266115445,2.44556150434,1
-1.01578731421,-1.58389247705,-0.0795936765989,-0.388171428765,-1.01229773471,0
-0.314907892621,2.19596989702,-0.600274096658,0.128063492063,0.10395218817,0
0.237774899958,-1.39548100846,-0.816626643538,-0.774773593247,-0.559812348865,0
0.678006132186,1.40287830804,-1.44374543827,0.868169399994,0.49438846691,1
1.6925520301,-0.836221888908,-0.223496474386,1.24265280483,0.0485312224165,0
1.37847740477,-0.210868482945,-2.13981784613,-1.30257148921,-1.12897735753,1
-0.337915488152,1.0175493108,-2.00947870386,1.44867411485,0.254173012442,0
0.453057926687,-1.42162166377,0.481379499653,0.45118250006,-0.437410260238,0
0.134228811873,-1.4866735854,-1.11422295493,0.320251737018,-0.239634604255,1
-0.42369038627,-0.264697473999,1.57670185042,-2.49951705074,0.388035279704,1
1.33429067487,-0.417382173555,1.84388293933,0.00325622053353,-0.00738698991398,0
-0.684947712511,0.637140284711,-0.0372599291249,-0.0233629400386,-0.0530901013309,1
0.256066307595,-0.573502906376,0.278006261835,-0.824961180141,-0.563117119766,1
2.49625000107,-0.111181491416,-0.838790768202,-0.370844319847,-1.07675676122,0
0.393523329571,1.5551435169,-0.46503200778,-0.900455683872,0.837988296915,1
-0.457511453019,1.05026763786,-0.342113707537,-0.661846590043,-0.301068503924,0
-1.32078509677,1.35854724224,-1.00452568874,-0.364062445549,-1.18885144399,0
-0.199751139674,-0.360767144974,-3.10281036649,1.37927387208,1.8260649661,0
-0.0713883121997,-1.19087749496,-1.29205833686,-0.559369459518,-2.64455685983,1
0.847736505878,1.38431864332,-0.695416874239,-0.358270930943,0.226393426916,1
-0.984846378283,-0.471271263425,0.339660118809,-0.0523202330968,-0.574941573168,1
-1.11297134368,-1.00425184267,0.48734823434,1.10099987666,0.656741615259,1
1.29617358255,-1.05557580433,0.802918254415,0.942130348374,-1.02173991022,1
0.823450769784,0.4209630635,-0.793174205008,-1.05030631068,-0.10587781782,0
-0.967554281349,0.994585835868,-1.19040230809,0.0381475533462,-1.88858931788,1
1.78693912919,0.711716794756,0.0683440015008,-0.00631814524306,-0.444564471511,0
1.60112418529,-0.09270473156,-1.5777903511,0.467251141124,0.435784965735,1
0.26477281054,2.45923360092,1.1159574258,0.298954601377,0.415817456904,0
-0.144674034183,-0.423652272139,-1.64689073031,0.329771543748,0.637609519051,0
0.0768322478677,-1.14504292058,1.20367127386,1.09691278152,-0.24026773063,1
-2.8424053597,-0.0127934731078,-0.0785558205674,0.882296544826,0.885279120445,0
-0.413937198119,0.504356916132,0.622830102626,0.321835669046,-0.558153159108,0
0.178777720962,0.00705056488439,-0.719077924729,1.54927046756,1.28673342106,1
0.758904010508,0.400903878699,-0.206199838686,1.30925660673,-0.134525474127,0
0.124515627556,-0.766406896711,0.422523925128,1.0983106299,1.61801685398,1
-1.10078570327,2.40359267683,0.691643134888,1.02897831816,1.03401944111,0
2.13675737199,0.991539457878,-0.94248465699,1.63478140915,-0.0106865750733,1
1.0489512099,-0.145636390076,1.67862225932,0.794270510281,-0.79380034513,0
-1.1951586819,-0.305584496681,-0.3231778608,-0.0594609238691,-0.421522562992,1
1.8940154402,-1.03297694974,0.220016504556,0.379654676831,2.75062742037,0
1.16450372854,-0.11721342391,1.12539846194,-2.44567409205,1.02539212009,0
0.790365579194,0.463050264638,-0.152942236402,1.4686067901,1.12697315554,1
0.543315116327,1.79646409429,-0.914694911093,-2.01803887974,1.32983968204,1
0.929469044355,-0.636629214659,1.00449856243,-0.865811832031,-1.54643721056,1
0.749196778441,0.522635335053,-1.20112931346,-0.709831373303,-0.894820690576,0
-0.469562445886,0.815091295794,-0.0556541751725,-0.311776976496,1.07233988527,1
-0.743188819993,-0.350659340033,-0.517631748068,-0.71847711192,0.676339074351,0
0.0559387267239,0.0479331327841,-1.05212762597,-0.904461313014,-1.01497802504,1
1.12323181467,1.96176292513,0.24821778251,-0.656056829708,-0.969253564694,0
-0.315061704041,0.406007762527,-0.564646522633,0.497581680022,0.597812296588,0
-0.267822323986,0.601469751728,1.50149081516,0.0363657448218,-0.103165728529,1
-1.37566888155,0.304980674431,0.134846075366,-0.376978119351,0.591892590645,1
0.810555807825,0.791146967744,1.02427740945,1.08616267339,-0.905360163867,1
0.873103639702,0.19156053541,-0.294927121627,1.63430975468,-0.414314596889,0
1.24143857625,0.538566211972,-1.44151162434,-0.625044905206,-0.0658060922747,0
-0.728976420765,0.656612589131,0.102281351885,-0.214703393765,1.24668373405,1
-0.0160971106344,-1.45176752842,1.11265794731,-0.240015565198,1.32271692706,1
1.27113220358,-0.314552549188,0.42618952502,-1.47870926876,0.536621472506,1
1.14701690033,1.59873991935,0.232734276708,0.605490325692,0.36627466433,1
-0.0103389783816,-0.119460576838,1.24579217384,-0.223308383873,0.492750411798,1
-0.174031246314,0.394827883087,-1.08796258433,0.50877362327,-1.61522183628,1
-0.381256393432,-1.58043364343,0.400830290461,-0.0198065311538,-2.482035155,1
-1.83885133958,0.425835578665,-0.0704990381624,1.29475575066,1.41139196234,1
1.39873021763,-1.14885647013,-0.644411237915,0.1055173703,-0.100301497855,0
-1.9348814439,-2.30986487088,1.05662525943,0.902843702822,-0.662443922059,0
-0.898259325393,-0.772415483115,-0.0226848959291,0.37139854466,-0.309239583941,0
0.256973217973,-0.974504584315,0.0306627833723,-0.734979515607,0.0352995955134,1
-0.0459818829365,1.08111243601,0.755584550823,1.39669804941,0.428609074959,1
0.221271113622,0.466627403219,-0.878142609556,0.442148028694,0.489650289151,0
1.16280688458,-0.628875166981,1.37348893939,1.52169978118,0.0388754609594,1
0.272502365142,-0.614499596113,-1.72599926208,-0.472550911907,0.082679136914,1
0.261343222955,-0.387593151728,2.0829993028,0.928863882233,-2.82111131677,1
-0.969123427265,-0.0205496261374,-0.353882023467,2.11607232381,1.24959375699,1
0.719995219983,1.22237212845,-0.282339479195,-0.537382051232,-0.0894539592458,1
-0.317609781967,-2.36034481479,0.74849353652,0.730339419774,-2.43573082735,0
1.51650089728,-1.02625281868,1.424660562,-0.970426257665,-1.03422000176,1
0.116850773376,1.77821036396,0.483069982753,-0.997798785314,1.07980591494,1
1.38191357101,-0.280566224781,0.809530991851,-0.332301599392,1.4817309876,1
-0.0757185755563,-0.981239782363,1.0106003449,-0.275503821897,-0.494096192017,1
0.0578516417723,1.42557928763,0.383289698445,-0.0197432729581,-0.261694471871,1
2.08863632974,-0.830227617098,0.316573964495,0.354946436902,1.43522156809,1
-0.406764553075,1.19720405126,-0.650303067496,-1.12495900878,2.20741802587,1
-0.124309334939,0.124645914313,-0.408543039993,0.81951756338,0.47819511608,0
0.484041587363,-2.89840225873,0.112153258221,0.0366672640996,-0.0392984905941,1
0.164021599357,-0.706385327432,1.66295545227,-1.23576421715,-0.487567886383,1
-1.89428451009,1.63436575165,-1.80141323996,-0.197597516019,-0.578632945696,0
-0.00359749698611,-1.45209245794,1.61862573728,1.19414540746,-0.205456774868,1
-0.886282141565,-0.308562599593,0.22155036951,-0.0495908229594,0.412365531536,0
1.52550024706,-0.457936639761,0.00837209749559,1.05617309188,0.300611122521,1
1.68319656231,1.44021723254,-1.44646814517,1.36765910015,1.38298841661,1
-0.0462728420222,1.21536797505,-0.431850396997,0.523543387147,0.900321092609,0
0.0468460260075,-0.749792833882,-0.0170909749364,0.695183407126,0.280626149602,1
0.171187099359,-0.0325128759433,0.389610463259,0.480297836242,0.55301638988,1
-1.43800824253,1.47544362246,-0.457363033408,0.430793141574,1.35329265764,1
-0.867999939495,1.6616504827,-0.1526362991,0.615154633219,-1.59845996749,1
0.831853784334,0.149087518774,-2.40917700028,-0.0606924729632,0.329731106188,1
-0.530120609914,0.920496068836,0.371875183417,-0.418114673572,0.244443230553,1
-1.08581625432,-0.519819613695,-0.47337668947,-0.261234600264,2.66102343712,1
-0.299721218275,-2.1121777769,0.739815254743,-0.105405865595,0.414202911103,1
-0.997939962332,0.121259851997,-0.550454998487,0.510787542156,-0.383516156236,1
-1.20903979519,-1.15316761488,2.75339416928,0.18094671056,-0.475812386188,0
-0.42403286344,0.340902658142,-0.789098362361,0.469486981291,-0.37485954091,0
-0.417557477912,1.77191853978,-0.337032892003,0.598423882361,1.30008777845,0
0.967103981316,0.167526195819,-1.43104585224,-2.03848572164,-0.0487418875857,1
-0.0108715459282,2.14698208538,0.0561163145903,-0.17249973484,2.17211934302,1
0.31248440855,0.11152793052,2.29191152907,-0.625685150695,0.0469265395741,1
1.40165979087,-0.144694645164,0.723842191651,0.67006707906,1.24130558988,0
0.43189392659,0.352950195556,1.36351553539,0.336030427205,0.34863712807,1
-0.0676260973329,2.35874285935,-0.291972416393,0.688976196285,-1.40759569706,1
0.15885099436,0.649501851447,0.345186956826,-1.80178096173,1.40597385155,1
-1.54822222011,0.271226122915,-0.239117074489,0.47404912346,-0.823579368042,1
0.922383818921,-0.578951002368,1.00019624174,1.03436930136,-0.977749537804,0
0.959346439301,-0.181467295104,0.369747519784,-2.23329242591,1.73678315372,0
-0.278656254405,1.46893519925,-0.711530045763,0.47146010218,1.14886251525,1
0.937806258764,0.499360178488,1.28703664984,-0.729367971217,0.0280158881723,1
-2.06886165546,-0.207766832965,-0.677542257893,1.89206399895,0.605453339684,0
0.665414648244,-0.49099110084,-0.20359180875,0.22817366912,-0.976858774694,1
-0.469090643137,1.25258760043,1.47715241454,0.595889011829,-1.58572392441,1
-0.645928019161,-0.14471061145,-0.219929230848,-1.0332494618,1.01734936026,0
0.043368320751,-0.0594325729027,2.50096743452,-0.258657521295,1.2218200304,1
0.131660021362,-0.818857026427,-0.399115561029,-0.601194111806,-0.263861276449,1
0.749762576278,0.340546033868,-1.48515021582,-0.477507674487,-1.0053582323,0
-2.44729986505,-0.397323846444,-0.906479931448,-0.739368360641,0.145129760366,0
-0.227314824609,1.08860694317,-1.07371186025,-0.419533190662,0.792201623817,1
-1.4463305417,1.66916888045,0.0458391594877,0.232423608266,-0.654591882575,0
-1.23354981041,2.06385964035,-0.612480569537,0.0967670275225,1.28780563974,0
0.00593093910293,-0.0964740991231,-0.121107590303,-0.771293620156,-0.633271154752,0
-0.282157980257,0.532149847749,-0.392882196754,-2.02248481709,1.06692360345,0
-0.482339040165,-0.329573060447,0.4175727767,-0.0910525072424,-1.2331381289,0
1.208929771,-1.40572367324,0.259894975061,0.579228525644,0.766784512217,0
-1.08985480236,-2.36511522546,-0.25017928875,-0.59704956169,-2.12652079844,0
0.080715988032,1.96449175791,-0.396487803601,-0.939062712762,-1.01901522114,1
-1.07771122477,-0.466643024242,0.320688966109,-0.0369903679889,1.69279882221,1
1.30677883861,-0.341863257486,0.882122795113,-0.854024191711,2.07707216936,1
0.562264312938,0.829265265258,1.60314868177,-1.55333019531,-0.142227109096,0
1.0579067118,0.473187326336,-0.759432257313,0.271251598397,-0.190021498339,0
-1.3186924951,-0.525199837507,-0.477338101186,-0.956580299427,0.433574722299,0
1.3492616027,-1.77133374384,0.076999712006,0.267261635885,1.25790860787,0
-0.467012668531,-1.04675491108,0.916703689525,0.813754426269,0.691016256849,0
0.983333140351,2.111644571,0.546659446271,-0.218813578424,-0.760313049234,0
0.39661415295,1.0706950998,0.735628907662,-0.403439081093,0.894713562123,0
-0.731671498408,1.2351443651,-0.988768005949,-0.114799084188,0.472235757365,0
0.4210120562,-1.62526239392,-0.667430595952,0.505664221901,-0.429704785007,0
0.813596429799,-0.282175054719,0.289551015924,-0.327149417801,-0.37458825439,0
1.50727081375,0.456786037374,0.224506887755,1.96430154789,-0.278080172056,0
-0.0526963716844,-1.81427541441,0.0279933761262,-0.0058337311087,-0.510592859069,1
2.40124578352,0.533562683524,0.283368402061,0.700665854053,-0.312528240859,1
-1.07678920209,0.383590273349,1.69325603826,0.813966805597,0.198153718573,0
-0.640047848008,-1.36636100085,0.1030442899,0.274121989313,0.827094146881,0
-0.469507813215,-0.381143181431,-0.0973069705092,-0.422257438042,0.681085908821,0
-1.31072973162,-0.329676584743,-3.26519672258,0.304052137809,0.645604212238,1
-1.21378827223,0.757783703067,0.71844268187,-0.598425146338,0.721995963212,1
0.410205180836,-0.0663651512788,-0.219713556993,-0.355054459239,1.15051515446,1
0.923259933329,0.380219660546,-0.253152998901,-1.5056716496,-0.224915199882,1
-0.335833270508,0.839020731887,0.829419764096,0.565582593715,0.139642492044,1
0.493645521443,-1.03547107741,-0.313303340297,-0.50731240832,1.14298881173,1
-0.29737901489,-0.369463114926,0.755900325319,0.688366020063,-0.156408280786,0
-1.38647051881,-1.52739292458,0.178634170681,-0.0134798461442,-1.38644547476,0
2.45428032316,0.658226083114,0.860586557966,0.140672661745,1.1515344088,1
-1.37739795343,-1.26948135741,-0.551377591134,-1.3022452467,-0.352913251903,0
0.31409499343,-0.112788227584,-0.737636756258,-0.335783374458,-2.28469141738,0
0.80572981113,0.618128976303,-0.207767147096,-1.20249908569,0.691525823269,1
-1.89903700351,-0.556554314456,-0.0118562415127,1.11793946136,2.43893848135,0
-0.583799209404,-0.175999885761,1.24439966567,-1.05026757156,0.403346363855,0
-0.771721612109,0.0325271685254,-0.424356490319,0.237816376137,-0.07610941718,1
-0.591848091917,0.614780460943,-1.01117247734,0.689829334024,1.61033329805,1
-0.437400553212,1.81977840767,-0.0618674728441,-1.73919970474,-1.36732430489,1
0.109937656004,0.368682197262,1.21823754017,-0.275350939125,0.261858858165,1
-1.00768134603,-1.24955132938,-0.382222377323,1.06174295341,0.826666645712,0
0.0288086227443,-0.98987088533,0.331609101376,-0.421955441985,0.912517615287,1
1.99460646331,-0.605635675832,0.0690013615,-1.64414233443,-0.178376831651,0
0.259604066661,-0.180126746869,0.273849852185,1.13533612419,0.159360799681,1
-0.498814896228,-2.15781401713,0.958416104404,-1.27801669932,1.03750184326,1
-0.166602481335,-1.15562780863,-1.28395020711,-1.43261593846,1.41000053761,0
0.515900306138,0.616703964182,0.0566362792506,1.13126460911,-1.48672858804,0
0.725894180489,-0.566165251014,-2.03999901532,-1.7834530532,-0.628883073483,0
0.965836935404,0.288843179315,-0.878892410216,-0.289281718474,0.20121341006,1
0.166187542399,0.239321544464,0.961787561165,0.147191445568,0.151526397436,0
-1.0207631255,0.354764428189,-0.784021092015,-1.01509695419,0.20668693977,0
0.11169645165,1.66710985891,1.44284294437,-1.28769627984,-0.0991085320344,0
0.421726062731,-0.842715723323,0.700460093217,0.55633357646,0.4123011568,1
0.86533864841,-1.0696884262,-0.0437536487447,0.726683298597,-0.560293765377,1
-0.981113242922,1.79344583516,1.24750910738,-1.29033094444,-0.981015861097,0
1.2385775444,0.0156495921762,-0.186701321466,0.632604785949,1.20179368437,0
0.286232196931,-1.0753381768,0.272130110421,1.17161436962,0.104048379584,0
0.713143306319,-0.341923096358,2.11890550005,-1.71462628165,1.97880879145,0
-1.80648545531,-0.860807617372,-0.319546322181,-0.640690128271,0.940610858291,0
0.658982309864,-1.65105873491,-1.44365785573,-0.280171736763,-0.0613811772999,1
-0.0413076673277,-0.539973750384,-1.40021803821,0.355452090907,-0.389915252581,1
-0.604432913288,-1.03218867443,0.55984413722,1.23650628953,2.21544745687,1
-1.12692673257,0.0392830928417,0.0827527122727,-1.44296080902,1.39043986057,1
0.194847282426,0.620900692409,-0.914554625771,-1.38209296428,-0.123084379407,0
0.131513296495,-0.485140734182,-0.162376621782,0.951178035506,0.890643050031,0
-0.513121345173,-2.82712468052,0.649749208216,2.26239595278,0.989264690443,1
1.24233468258,-0.603211065948,-0.925933607413,-0.686348484647,0.110175769765,0
-0.684548332691,-0.633077127225,0.944147802363,-1.32648627693,0.461690585513,1
-0.657833918093,-1.01853644494,1.73516909347,1.5737464135,-0.844275055005,0
-0.850487005908,0.67933727336,0.767248880357,-2.06707292951,-0.666339440714,0
-0.326752558951,1.44180070389,-1.16380761568,0.489760458062,1.04384077782,0
-1.03400163545,-1.17984761724,1.16004690042,0.769438705297,-0.396990649035,0
2.16369206038,-1.06162751564,0.124777154689,-0.674750712067,1.7996444452,0
-0.370184896904,1.15136648626,-0.368165523281,-0.0701888211537,1.22053396614,1
1.661873506,-0.601549540228,-0.86214313719,1.06296534183,-0.148862709558,0
-0.322696096315,-0.41936112085,0.2230561993,0.317348624529,-0.952710261555,1
-1.13737634188,-1.82202772576,-0.252000416238,0.170265869791,0.100100331342,0
-1.79018141705,-0.997602796451,0.676801249818,0.52244604139,0.158945595225,1
1.5669135739,0.485700922741,1.74898267239,1.2835890882,0.648760253599,1
-0.0715457532991,-0.387364018471,2.10456431957,-0.63879173833,1.36954873635,0
-0.0917155213334,0.0785011539634,1.33668350609,0.20093839482,1.04168248441,1
-0.0316649691046,-1.75222868043,1.92211417679,-1.42836826814,-1.58048444442,0
-1.62713926285,0.113857053696,-0.379265467229,-1.31231768334,-0.260195750955,0
0.222710836757,-0.0799190646601,0.174585429036,-0.841220675176,0.0456373101719,0
1.52602985919,-0.632871433452,-0.305840025191,-1.36696639404,0.0114451796476,1
-1.7739711781,-1.67408086426,0.311271891773,-0.209013922668,-2.32074699774,1
0.137512638813,0.176846847208,0.115302658685,-0.212584546241,0.579937348981,0
0.266837152469,1.26606547227,-0.54204302734,-0.296916648852,1.05062352146,0
2.16743362016,0.381038801131,0.435641633475,0.391522151701,0.397002233484,1
0.917595609252,1.06874915751,0.900475072202,1.26789166532,-0.947831153917,1
0.601181322236,2.24296639213,0.33730884565,0.77642379905,0.700138824513,0
0.294548434285,-0.400630939043,1.32509461088,1.68492168093,-0.385252328031,0
-0.719835593922,-0.39580172973,-1.86875411381,1.27982735785,0.805135279179,1
-1.91844768948,-0.526876459106,-0.34932195273,0.944425388325,-0.230622357523,0
-1.7614150029,0.562117389269,-0.0183692999102,-0.865254013616,1.10943173015,1
-0.481341043132,-1.95923827331,-1.41231945211,-0.165553870353,-0.472609585722,1
-1.0319844161,1.92550235802,-0.0570346420778,0.239117193064,-1.60906303956,0
1.61681353637,0.507933269874,-1.26136385245,0.784372415408,1.66717041217,0
0.00661227438547,-1.1399658489,0.274645176608,-0.790228734114,0.0547459752169,1
2.3262347285,-0.914298759422,1.26337228479,0.867732325285,-1.37747293407,0
0.383131790549,-0.267906797127,0.543257188311,-1.2284728495,-1.08381716394,1
-0.31102556964,-0.380701230541,-0.317420423156,-1.0510698945,-0.107764189696,0
1.33472630898,-0.630149337265,-0.986189984896,-1.12339803817,0.493316965761,1
0.303372169303,0.182535894251,-0.632345299427,0.377323636763,-1.13542943257,1
-0.906110415501,0.0182526038023,0.141320015642,1.02675748749,-0.344475691965,1
-0.216952862025,0.0694623235025,0.557429283136,0.654478782384,-0.0924451148006,0
-0.537153286961,-2.10509785329,-0.288149206067,2.48696733357,0.428793445356,0
1.06409588376,0.823662310188,0.791784641077,0.397679139555,0.215475897916,1
0.91158615953,0.537545075851,-1.19361721713,0.661944777968,1.54078559066,1
0.371817020076,1.11185218377,0.194233682967,-1.19501292502,-0.476240544582,1
0.384162513613,-0.949965114962,1.34128352571,-1.68438703134,0.354704649824,1
-0.348392808273,1.5371082629,0.817309197486,-0.576945409617,0.984980676522,1
-0.622525379747,0.0168308390184,0.208300002672,0.522421346472,-0.271710556704,0
-1.51119153993,0.737365411404,-1.21750727373,0.669990904292,-0.519943208333,0
-0.395177087345,1.13772690609,-0.160588963694,-0.93193723343,-0.466458254711,0
1.10978579772,1.04294777418,-0.412812837603,0.100698409051,-0.457817467816,1
-0.125587071932,-0.815535569073,-0.170763653705,-1.57790127092,0.0567244362583,0
1.33352801009,-0.195391692933,-0.906983901509,0.460202004273,0.0931262137279,0
-0.550281672801,-2.22028289955,1.31292936816,-0.386049151288,0.868367678756,0
-0.030675516525,0.250554429467,-0.0624142910291,2.23601226282,1.5846512731,1
-0.434065611434,-1.01605521814,-0.389864762406,1.31630964844,2.23699468625,1
0.767351417897,-1.18492759432,0.312990623677,-0.917799977793,-0.121389641438,1
0.50644257364,-1.41953693425,-1.53181185626,0.10410250514,0.157152888691,0
2.21982812892,-0.0406953270351,1.24627276301,-0.7002116052,-0.363181490511,1
0.728959881272,0.52441834049,-0.683950058756,0.670367623169,0.861201389121,0
-0.448188471223,0.0952902831623,-0.0620906612,-0.422642536124,0.248167412516,0
0.0622249678455,-0.312993327682,-0.876379637626,0.138073157734,0.293663220848,1
-0.696526740188,-1.07350424154,1.24857061063,-0.0534757062942,-1.71728459515,1
0.0563394853864,0.694126480391,0.996422425641,-1.41160238509,0.257790003949,1
0.341276370867,1.00055912654,-0.0594893642398,-1.06364704773,0.311994742632,1
0.146120767754,-1.45314509078,0.48400708212,0.0161582786828,1.4378110696,1
-0.248504891169,1.53682445453,-0.374533538273,0.513328528003,1.73633670126,1
1.77770590519,0.509054852622,0.0315649546827,0.262169761578,-0.685916482552,0
-1.3489539408,0.0100929533095,0.70562562164,1.35237686339,-1.61409623518,0
-0.985373961068,-0.0883614987827,-0.910838565998,-0.519955883035,-0.302878308931,1
-0.764366513983,0.287412582247,-0.181632954164,-1.17587438254,0.757308301237,1
-0.283908626201,1.58423862455,0.2666223559,-1.41900663248,0.0593447164333,0
-0.546217239936,-0.0192988767205,0.795060342699,0.407196803698,0.787723399767,0
-0.342472024082,0.637760254452,1.0463083529,1.0981336343,0.577808514149,1
-1.30339909211,0.737911083166,-0.410757528943,0.781501714301,0.631987596028,1
-0.33068669718,-0.357919379361,-1.76589879071,-0.0868328971964,0.551970417147,1
-0.49393097843,0.645159941266,-0.944353830312,1.55069757386,-1.64462311806,1
0.277875250448,0.257971031738,0.671793406258,1.13087911658,1.50089426982,0
-0.973356216144,-0.0534025862039,1.42259530393,0.414349760185,-0.00379518833563,0
0.820080790841,0.912929072628,0.696769029274,1.55056004313,-1.06546542388,1
-0.912591112443,1.49845320237,-0.825996531038,0.839596067092,-0.374838686481,0
0.654674609875,-0.153412428325,0.26127690499,0.752767194006,0.188632567508,1
1.08816141487,0.815830569669,-0.222109265861,-0.422658751963,-0.829633321302,0
-0.139277487772,0.484803386824,0.618899094394,-1.22063938395,-1.18953235277,0
1.51944779665,0.818625662581,2.18587764004,-1.45878285842,0.581575048348,1
1.9796625111,-0.850246715922,0.965247716856,-0.495843903149,-0.0637983904228,0
-0.778599294424,-0.0199449176426,1.47460002282,0.334948685617,0.357182379306,1
0.863009395328,-1.16115708475,0.70112899022,1.92502188427,0.187022628398,0
-0.827502055044,0.00696683520152,-0.61957680496,1.20031191779,-0.112557625181,0
0.860338736357,-1.86844357871,-0.635453714391,-0.842443645841,1.3219762549,1
1.01002611917,1.05758819538,0.138818658117,-0.684187561435,0.794975273985,0
0.141782088176,-0.0661943643113,1.25287706687,0.588073003747,0.0941399609951,1
-0.161305717751,0.366124885537,2.15646137144,0.720247298728,-1.98435644455,0
0.498596478649,-0.768716668384,0.0619509156697,0.267311304902,-1.74174008975,0
0.505338483338,-0.114602410622,1.08572368694,-0.92010989755,2.21264237749,1
0.48025297914,0.708508232627,-0.488598107558,-0.892978759258,-0.182986254568,1
-1.23174997467,0.463504511113,-0.580974511696,0.657494717307,-1.55307616523,0
1.03337995137,0.639893721552,0.0293927607057,1.17407946011,-2.52115073733,1
-1.73719785209,-2.08807372105,0.272132877788,-1.57096969017,-1.17066554822,1
0.395871268452,1.66274767915,-1.39664667699,-1.48948331044,-1.37156225567,0
1.23973328192,-0.852335083204,-1.29185912888,1.20300950315,1.47659218616,1
0.207588282865,-0.827607311107,0.302951194829,0.765032507274,-0.175857707551,1
0.75276360568,-2.05557333751,-2.45929828241,-1.14677779665,-0.150550165041,1
0.131838983091,-0.215922151189,0.114548157856,0.415311153478,0.288625551672,1
1.48998871533,-0.214340027377,-0.582119382356,0.191032727725,-1.47420347574,1
0.176454794684,-1.44150712301,-0.562264814284,0.887112180686,-0.0476296771839,1
0.440789819894,-1.20279829005,1.22085694447,0.720356073754,0.986161318886,0
-0.648619898502,0.194117174585,0.0536431645578,-0.727438111259,-1.00563426293,1
0.546326144082,-1.04315887728,-1.36306664284,-1.38886815823,0.124232693352,0
-0.0865361487921,-0.0894277358338,-0.88967604867,-0.530109154887,0.180112495033,1
-0.00353068095517,-0.170511425501,1.52487451511,0.529724012906,-0.164440885141,0
-1.55697344391,0.113341590663,0.321801210012,0.132383055245,-0.553513519665,0
0.704236875461,-0.645187845187,2.75986821957,-0.792164409925,-0.184909564755,0
-1.4098015216,0.70364357971,-0.697056564147,-0.379311367376,0.271815781267,0
0.156159407981,-0.513444257281,1.2078251632,0.203229349477,1.47928093057,0
-0.0286319824936,1.11524334215,2.59384486735,2.15874167239,-2.09442823312,0
-0.31963952105,0.914081278776,-1.61875075428,0.316193156971,-1.42662160768,1
-1.66365343171,0.507216912172,1.30582562964,-0.0110846729392,-0.356965741448,0
0.672563868903,0.831951068878,0.741900121301,-2.95015731898,-0.0745000047337,0
0.247815475109,0.642974275222,0.072329427966,0.214205069253,-0.0320372072467,1
-1.84633963426,0.275698934929,-0.819930940608,-1.49426335291,0.321365675866,1
-0.906702945702,0.202179911294,1.07776383348,1.93366594347,-1.44208355212,0
-0.553453865515,0.768219410344,-1.27355792268,-0.00366629259815,-2.02137786534,0
-1.20709726041,0.0530959161062,1.14476626793,1.27150125256,0.0606613088464,1
0.239402459231,-0.798555431238,0.364775243233,-0.150360785757,1.01595025834,0
-1.22428323379,-0.874112520012,1.0027397445,-2.11372133611,-0.576676342416,0
-2.21867163375,-1.32035695982,-0.429524019331,1.07505267698,0.691915011153,1
1.03601818509,-0.177596013386,0.510944643748,1.35876979289,0.484349416351,1
0.8796528983,0.79429968079,1.20633167026,1.55250560261,1.23264795066,0
2.06735434646,0.321335538667,-0.336638787577,-2.27402731481,1.14009477346,1
0.288919539139,0.249396634172,1.91256979134,0.160896336697,0.854913282457,0
0.996704350222,0.328276329291,0.690640039105,0.785814268407,-0.755935784937,1
-0.353068746385,1.1531074338,1.75449247837,-0.232031573437,-0.185678299403,1
0.884279089211,1.08392578854,1.64307900336,-1.66644761189,-0.579149900982,0
0.344461857953,-0.424277306538,0.555820193989,-0.522799130966,0.161985759566,0
1.41965244449,0.25853182851,-0.635889814574,-1.56970347332,0.140481062298,1
-0.0997650050087,-1.62777766238,-0.957024629634,0.79299476144,-1.79666173862,1
-0.746947675595,1.5150383839,0.632157615907,0.270007051759,-2.21289836911,1
-0.595336914581,-1.55334093161,-0.701420625197,-0.664900374087,-0.280909151218,1
-0.147821406351,0.377437030382,0.623533301681,0.412127185219,0.350570439818,1
1.15939557153,-2.216072383,1.01612575621,0.0863399269298,1.53225521529,0
-0.604860452893,0.488532770962,-2.03516136804,1.01621211708,-0.643933432441,0
-1.30004902205,-0.0738284959608,0.406437718344,-0.400386793051,1.29629298377,0
1.27347959954,-0.899878880812,1.02043332287,-0.858986983306,-1.23894051846,0
-0.079015506653,0.611126905987,-0.828907058208,-0.123446552391,-0.204327610505,1
-0.34268031016,-0.927354673598,-1.74380133485,-0.885345151116,-1.47659328631,0
0.896847052127,0.423608244147,0.47897937003,-0.158657068353,0.712676962866,1
0.494030347161,1.14480268782,-0.133165466748,0.579336742604,-0.630768163708,0
-0.541350614209,0.0999075126568,1.44663437563,2.00936933854,1.2266449893,0
1.51738231958,-0.247090003396,0.0949655181183,0.531377633837,-0.638977358726,0
-0.268842527535,-0.0183316148871,-0.634537847561,0.431335484539,-0.648256870078,1
0.369031712992,0.0493506691657,0.785136712414,1.34803956677,0.888889998006,0
1.65723993627,0.715795531806,-0.775789841024,-1.2008674403,-0.151016156554,1
-0.136110343905,-1.27980855172,0.212000808591,-1.24606181062,1.14499028465,0
1.46158440644,-1.38910144456,1.02419467497,1.33278482307,0.867951735845,1
1.40480420649,0.776927624486,-1.64060361387,0.871332149325,0.661410718921,1
0.729483175284,-1.01598618226,0.892923199058,-0.628109254833,-1.29748944477,0
-0.202167942311,0.340073601427,-1.1982105913,-0.325677062649,-1.07224731353,0
0.729864420148,1.70970831444,-0.54184371932,-1.00462385346,-0.167714243507,1
-1.88377187437,-0.463512431873,-0.546668286321,0.169324135608,0.526596499567,0
-0.509638781193,-0.145109917557,1.28617087518,-0.107337255269,-0.735124639001,0
-1.17401456206,0.156529591862,0.399324159229,-0.816437105619,-0.255585506632,1
-0.468868290648,0.927439799579,0.130605913798,0.553811359504,0.394438739938,0
0.163130235559,-0.39885289823,-0.258255202137,0.9871677251,0.779248863004,1
0.698848948734,0.466227897281,-1.32706168008,-0.126874886826,-0.102262272107,1
-0.329026378531,1.35860272802,0.387871287314,-0.110091441611,0.0151106049699,1
1.60914395076,-0.364679423415,-0.642964622147,0.230323163433,-0.213363164132,0
0.116627959026,0.00960153375889,-0.595347977988,-0.000251138961437,0.0272331740673,0
-0.859567489739,1.05294397132,-0.27655172388,1.51517473537,0.26220327715,0
-0.771893632279,-0.0379487348858,1.72311244734,-0.858232248766,0.0757811089293,0
0.407869428313,-0.768460269439,1.90210136806,0.399859251215,0.387845713485,1
-0.482934484746,0.790456867629,-0.807113317689,-0.499303445188,-0.888670195611,1
-0.445096429885,-0.587946644105,-0.600137496041,0.765864884573,2.56955921838,0
0.516707574556,-0.684381681202,1.81316923065,-1.37507360408,0.858369077395,1
-0.267250756858,-0.248317870032,0.075818212353,-0.785915374247,-2.4667069335,0
-0.0583641624961,0.0308489430245,0.70306304097,1.18449382865,-0.0885871282675,1
-0.61362284286,0.236856952472,-0.116242455648,0.0620165168072,0.486650802584,1
-2.20127609384,0.249731995316,-0.905676087,0.48893086638,0.873197539496,0
0.934972607091,-2.62194510056,-0.752597792843,0.893453195961,0.145430731499,0
-1.40466875346,-0.242696252106,0.860242393788,0.179623605122,-1.07661559253,0
0.286504029616,0.881702194144,1.64499992121,1.02806929238,1.39297078098,0
-1.25409845099,0.266595218387,-0.079845922933,-0.213886728143,0.139029925388,0
0.609159078246,0.918028357163,0.0679762520407,1.79358893368,0.802919952012,1
1.73387919482,0.659302924289,-2.30579927508,1.14366158479,-0.598060931157,1
1.19039259658,-0.00300643312407,0.778186771017,0.959101808846,-0.302719886183,1
0.222204922967,-1.37531518132,-0.635527339072,-0.713513746561,-2.08341408705,0
-0.942637136745,0.511988778348,0.388414423797,0.849016385495,0.325568031553,1
-1.25916733741,0.42869752861,-1.22508360114,0.00368731279839,-1.41408158559,0
-0.281148371235,0.690779157218,2.54196224554,2.16743284598,0.260053732007,0
0.515835194994,-2.44828312625,-0.158057883008,-1.03089547998,-0.312200487836,0
-0.452542908163,-0.529550519948,0.0544834020772,-0.0700207122419,-0.571072296019,0
0.406596788187,0.250161409247,1.69111137648,-1.20454909307,0.624268562658,1
0.28881078298,1.33351493972,-0.592391542606,1.21397511581,0.522022506683,0
0.989107570844,0.442248119127,1.20479288334,-0.316515937859,0.75270753809,0
-1.82624917592,-0.438728972595,0.425188266303,-0.578338886979,-0.254848271537,1
0.203677396084,1.30054637236,-1.75129188636,0.0910691713222,1.94968928996,0
0.401358124892,0.262849783441,1.39092496288,-1.35844650599,1.84855551728,1
-0.283611463655,-1.28463507422,0.530298113662,1.03890686453,0.888102372245,0
-2.09473842365,-0.230726235598,0.791160286878,-0.582115919496,-1.40859907022,0
-1.17406366208,-0.101853039608,-0.456106082715,0.43858115215,-0.733846879299,1
0.978427940715,-0.957190948918,-1.61535999325,-0.16660752244,1.2302752914,1
-0.440707844293,-0.0785720130519,0.0713265905249,0.162592826765,-1.89301847308,1
-1.26209580317,1.09640571242,-0.476870639486,-0.753075662143,0.418644146934,0
0.0778365908964,-0.132460053268,0.37761194835,0.645349666471,2.42052278569,1
-1.04124114128,1.1085444935,0.381000403085,-0.182908153352,1.2048032182,1
-1.22816401084,1.00035599239,-0.503564152494,0.838351912522,-1.09411636691,0
-0.014844357597,0.895401132849,0.5524820557,0.82350164951,-1.11041041164,0
-0.296234628309,0.107056791295,-0.501230126896,-1.86896482261,0.47672838525,1
0.00220521399284,-0.227806044972,1.34751815753,0.0249761169291,-1.20049719662,0
-1.36144585465,-1.17916684489,-1.29791462944,-0.961575337181,0.764493396993,1
-0.909907979507,0.071186694751,-1.58312684281,0.675114016908,-0.317429012799,1
-0.163507294896,-0.804920563322,-1.62734478517,-1.36639393978,0.116712772967,1
1.39487279042,1.19463075336,0.727831528226,-1.01332626945,1.6402655586,0
1.68847563813,1.43372914305,-0.434905425193,0.32619705165,-0.570217545184,0
-0.349011465402,-1.00539356177,-1.53849840297,-1.08988596452,0.738994141829,1
-0.244551593093,-0.966664317365,-0.498634473497,1.13549493801,-0.91699059622,0
-1.55741745949,-1.42191990928,-0.674170907066,-0.353535033383,-0.474426107116,1
0.207424249744,-0.779742460088,-1.42262786828,-0.300928639271,0.591097412205,1
0.366838854594,-0.229814007936,-0.879304784334,-1.33620918962,-0.158758033631,1
-0.394881884993,-1.270245027,-0.181505028362,-1.24684988356,0.0966862929153,1
-0.325813389478,1.35337399047,-1.27606448463,0.725349211078,0.112400820487,1
-0.873703478684,-1.06343431112,0.411235170368,-1.12932428716,-0.822704584812,1
0.034762621645,0.205973410279,-0.496510853152,-0.192692560667,0.381820690104,1
-1.07298523256,-1.0640198212,0.115681559476,0.987903437801,1.04192767022,0
-0.311077147043,0.77371603519,-0.849761027266,-1.58597207141,0.407722055163,1
-0.806433918273,-0.189529382573,-1.09306901898,0.527635640684,1.52800671066,1
1.29354352287,0.210912211691,1.14310289618,-1.30501030605,3.59780617591,1
-1.02824932795,-0.498675333332,1.4299370348,-2.22473062328,-0.694334052269,0
0.21143751021,-0.646190432921,0.242072283653,1.17335052435,0.252263033619,0
0.735878662797,-0.730452997855,-1.65980296855,-0.198711537352,0.250226684954,0
-0.434720367237,-0.816434961692,-1.23276147723,-0.402667018068,2.22398255661,0
-0.276170315473,-1.45020252333,-0.408072435302,-1.78976350081,0.343537720572,0
-0.902331429323,2.07184886847,0.574624448124,-1.5669799923,0.475641987186,0
-0.397958881704,-0.0641209559306,-1.69501123909,-1.81974445292,-0.541582526727,0
-2.0834901607,0.12885780916,0.324292196605,-1.15764314602,0.610350148507,1
-0.907361943544,2.47344616659,-0.76181812199,0.288152354593,-0.796986980878,1
-0.739365944094,0.83079170087,0.607618799983,-0.296058655595,-1.77596490492,0
0.471538194012,-0.690511173343,-1.77538666146,0.742055192723,0.477766611437,1
-0.429869506765,-2.22175583393,0.732698536933,1.61286322367,-0.929702102149,0
-0.674456122141,-0.367828905996,-1.12133905003,-2.92956668455,-1.14390970754,1
0.956862068672,0.458116707941,1.09470681373,0.81019678042,1.89205984273,1
-0.578619028945,1.18734969512,-0.288391270265,-0.337815292524,0.69145913569,0
-0.319737181693,-0.0821499606396,-0.362446789117,0.336790755396,0.0264916719262,1
1.33932830182,1.26973680736,-1.12389783589,0.0641514427184,-1.71931525845,0
-0.849528574019,-1.02956824804,-0.723586875501,0.0113404180048,1.00227294386,1
-1.92025078024,0.831648646518,-1.61457347963,1.15371611488,0.572922498482,0
0.325557790396,0.461556318693,0.0189536233388,1.10130714966,2.68412084828,1
-0.295854185703,0.553039252599,-0.533507233892,0.950669757557,0.86487903934,1
0.289164561638,0.839735753348,-1.57218082618,-0.597420231323,0.226836810056,0
1.87441102511,-0.77100910274,0.775339542922,-0.7773936398,-0.825250602508,0
0.0954696387839,2.05204494019,-0.621511640236,-0.878341790883,0.00434871031186,1
1.62694621071,2.64419124694,-2.65264192954,-0.595163168251,-1.88491780514,1
-0.193323892372,-0.170474270928,2.76085289684,-0.248828858651,1.32869365104,1
0.764872941076,-1.0310760659,0.565566648971,-0.429680708793,1.7868899181,1
1.04209870266,-0.362502411494,0.693666531879,0.298277000168,-0.0586760295314,0
1.51946700843,-0.683584599066,1.53278865681,0.61820824813,0.499974467898,1
0.745926344559,1.47584191266,0.469720170284,0.613661322185,1.02381751223,0
-1.15638145587,-0.746659007811,-0.436155750611,0.635948357852,0.862516007431,0
-0.298959610646,0.632563172097,-0.727859140733,1.20632408942,-1.21730858856,1
0.141042688717,2.41243199382,0.54612392984,-1.21767289473,-0.0869589834453,0
-1.23885590836,-1.06050273121,-0.634776367678,0.512103257472,-1.02501505069,1
-0.832218217678,0.203410961837,-3.04983631236,-0.805096185716,1.1022889445,1
-0.0875356854463,1.547788144,-0.936439509807,1.49209149865,0.687927069203,0
0.420058758021,-0.600489604832,-2.30451204345,-0.463774675053,0.137152016386,1
1.04590496622,1.36694048948,-1.31300791641,-0.303137181425,1.2303022906,1
0.812397791563,-0.51837365593,1.12936991049,1.64467583642,-0.927155486656,1
-1.41419739727,0.524882818986,-0.650315424689,-0.839637892775,-0.192811243178,0
0.777570257101,0.928912852053,-1.05678229462,-0.460851482143,0.936987221343,1
-1.12252478874,-0.724212824558,-1.51090823711,-0.648159344409,-0.623551645867,0
2.32849059308,0.493283871192,-0.710982860317,-1.91971580063,0.943690608757,0
-0.332134586628,-0.490370295237,0.0368618170407,0.131071311495,1.56525836432,0
1.65019723962,-0.473203877824,1.14786797211,-0.784444154999,0.00826397258534,1
-2.1014695219,0.0318265496944,-0.277401591985,-0.141338174577,-1.03916067107,0
1.43743361994,-1.03315120043,-1.05744785735,1.25948199655,-0.702419483776,0
1.05014370625,0.676354136159,-1.15992158729,1.098309094,-1.30624875801,1
-0.0892267157094,2.11137277999,-0.285302250037,-0.497274302099,-0.921778798779,0
-0.884331098347,-0.763011413434,-0.77421426402,0.529570493877,-0.651915323833,1
-0.126747690261,0.543309569133,0.940306892563,0.946667944912,-0.320088103284,0
-0.206117274364,-1.04984741283,0.364183603083,-0.174308257801,-0.149748914705,0
0.694747831873,0.79708733115,1.17810707888,-1.02772136914,-0.149179064877,1
0.90683850189,0.671413360661,0.112005900306,0.601999478375,-0.254070593543,0
0.107488864669,-0.884733950796,1.3393875509,-2.18615176486,0.790757600659,0
0.225652981801,0.597494449007,0.693857642887,0.621468750942,-0.0936880694865,0
-2.208811938,-0.0186836608692,-0.142209375017,-0.640780759757,1.30051660683,1
-0.51961920367,0.290178432054,-0.273323414418,-0.160933272513,-0.591750337885,1
1.22811596586,-0.681132663358,0.813846918517,0.815199418419,-0.130742274178,0
-0.438222812572,-1.36249600575,-0.390040017384,-0.0773876140512,1.20639156385,1
-0.06438234929,-0.759376213139,-0.216586303405,1.08314322306,0.503230321939,0
-0.357104586076,-2.07705086904,-1.32152422179,-3.15613131256,0.206747165698,0
-0.378998543007,-0.468614329216,2.05941923969,1.35723521406,-0.783313217389,0
1.43826626745,-1.78760384692,-1.84419464775,-0.261473180908,1.1772646549,0
0.774748012887,-0.630052945141,-0.0512643573247,-1.80392509842,-1.20669260251,1
-1.22962543762,-0.335953439727,-1.8520568405,-1.57178950976,-0.443686499801,0
0.995110073533,-1.08755116106,1.30310117468,0.56208698103,-1.51454447256,0
-0.205333680718,-0.688720746458,0.0162158644035,-0.710279222234,-0.216939403767,0
-0.426941092043,-1.09227904462,1.41666212959,0.491335149383,-0.177573627357,0
0.754209153077,0.429004882483,-0.43276311568,-0.291282267948,0.182982674368,0
1.15589831911,0.899057742508,-0.460338952202,-0.315818295451,-2.06789590909,0
-1.36296866738,0.0138764351345,-1.60804899042,1.4360926505,-0.839084225903,0
-0.273110209165,0.800686546411,-0.151229904056,0.570463572261,-0.480988738775,1
-0.130112263685,-0.133270701385,-1.1530211498,-0.185440932969,-0.947267382645,1
-0.748720212637,1.131534708,2.21163213422,-0.190710049481,0.532887620502,0
1.27498537248,-0.109176895236,0.475415657492,1.26851452545,0.696770808628,1
0.531312853482,0.540820035386,0.0877478371177,-1.7988183713,-0.329000277626,0
-2.32423092073,-0.14260604882,0.444551838736,0.213345846998,0.453305546275,1
0.011437022294,-0.350176480669,-0.58048024204,1.79783647025,0.573719095331,0
0.960412562483,-0.626892955116,1.02428437583,-0.903084728546,-1.10561556333,1
0.722063000472,0.448203134217,1.43417912384,0.159027501511,-0.909193824172,0
-1.17734136442,1.2931747655,-0.332063158727,0.370759144258,0.0245012588076,1
0.953170840953,0.37284651844,0.28967273457,-0.307122554911,1.1052654292,0
-0.314521264572,-0.788770555584,-0.526453145863,0.52284143863,0.454573589159,1
2.76191291439,-1.86042121467,0.322091382394,1.4987778884,1.05587750807,0
0.704697262274,0.597794529001,1.9013052139,-0.00214943259085,-0.923922290736,0
0.932344823347,0.538515520551,0.663454304554,-1.27929967152,-0.204964203485,0
-0.726093162583,0.676271501641,-1.56030372945,0.0408661254296,0.14848386741,1
-0.286664938518,1.25447104151,-0.116612496379,0.919584398978,0.380383166895,0
0.369134551546,-0.221287029954,0.307292626896,-0.765215455691,-0.114191358547,0
0.220243853378,-0.876505669899,-2.45293920298,-0.508035024241,0.305609610993,0
-1.21407769362,0.132457806867,-0.0643374454819,0.205465804394,0.961303085272,0
-0.641696646116,-0.358569684504,0.701259492198,1.40121247463,-1.59838344342,0
-0.501436585813,0.798082659833,0.322465816594,1.08959731254,0.279813472075,1
-0.563769450275,1.16882034289,1.12294255851,1.37606142579,0.503920594558,0
-2.46079898365,0.271238947827,-1.72590155215,-1.76118826009,-1.62848148214,0
-0.0759600235637,-1.54337630761,-0.693370805478,-1.37685312786,0.434210579548,0
-0.204125061398,-0.0618806415559,0.539776983651,0.49816279334,-1.81736393813,1
-0.142234642651,-0.758016351482,-1.93898046933,1.26461113881,-0.88552492563,0
0.716115804819,0.0451326381416,0.82711629717,-0.970545959586,0.52113061729,1
0.193094957306,1.40008209819,-0.803711437697,0.910263616707,0.409452416171,1
-1.34057268762,1.2910766689,1.18028718974,-0.14164372,-1.24547735662,0
