-1.58138304558,0.00313235380624,-0.127173159435,-0.521386751383,1.27311093246,0
-0.336655357217,-0.426941926089,-0.216476902354,1.19232937651,-1.34625611776,1
-0.480840477063,0.564707429544,-1.13628649672,-0.767619702519,-1.81890902837,0
0.661792702497,-1.04002339068,2.07490182913,-0.534441688516,-0.310250512268,1
-0.819343546998,0.819236049981,-0.675003005974,1.51460667595,-1.33215803526,0
-1.94800230704,0.930937732423,-0.113583165397,-0.728263619069,-0.0883303446005,0
-0.177779209256,0.522314441566,0.378671823569,0.945180514499,-1.01691058613,1
0.736765465707,-0.0805412023939,0.624863066499,-0.26178927717,0.913386815111,1
0.0393856883084,1.64679897805,0.112992739417,2.09275020032,-2.3169644967,0
-0.172528364049,1.51661504688,-1.03747931275,-1.26924200315,-1.68527425016,0
0.358967656474,0.987936395767,1.28157437383,1.03140924453,-0.690793863472,1
1.38674801744,1.44138312447,-0.911911041212,-1.27620802465,0.840724299007,1
-0.681133977901,0.92786137877,0.18299853893,0.244450162478,-0.277971731123,0
-0.296572811291,1.11353493651,0.545584487649,-0.0515258676251,0.835902477813,0
0.130090306226,0.681808789534,0.652396810928,0.861952917797,-1.47319641737,1
-0.317671890727,1.1002765978,-0.0252447259201,-2.0810411547,-0.956113512063,0
-0.625247388111,0.139090329177,0.0075430900385,-1.02478652197,-0.830684223196,0
-0.751234807852,-0.323592570044,-0.201404699636,-0.0893868514127,0.584914563776,0
-1.27515115904,1.80208918278,0.387905675651,-0.155664827809,-1.26167030739,0
0.736239542463,-0.248858297587,-0.375724353743,0.0168141145417,0.315484282066,0
-1.50827198332,-1.72215115447,1.08937192577,0.853742447294,-1.62455203198,1
0.682170843806,1.45668095431,0.326737710108,0.761573321319,-0.658404933764,0
1.12739868183,-0.584118096762,0.742921095915,1.22287814084,-0.654276055858,1
1.65065527344,-0.767347286271,0.172428398759,0.0975554625279,-1.73526926357,0
1.45691725866,0.238826073543,-1.81485768479,-2.17250523814,-1.0492409921,0
0.684792480383,0.679939759839,0.284657096712,1.04280198982,0.323555447158,0
0.801498687317,1.57216819702,-0.901055073921,0.0176925004009,0.115398258839,0
1.43975553206,0.292628858299,1.40584157585,0.301326154565,-1.26431852521,1
-0.547584705483,-0.555574471612,-0.111768342589,0.262938259796,-1.707226524,0
-0.317518666255,0.611880069151,-0.996503038649,0.0863435629635,1.90503537983,1
-1.15072913573,-0.331662812537,0.528446341093,-0.0814840993811,-0.407149569381,1
-0.74710966695,-0.12351077626,2.45696434987,-0.0645915786574,0.815885327772,0
-2.61630475056,1.49253288405,0.741988351801,-1.591982551,2.39604476104,0
1.06867196773,-0.418954511127,0.563477271908,0.781841913816,-2.80730855827,1
-0.732682725994,1.10999718652,-1.15007008703,1.12774648031,-2.48180721346,1
0.252327480115,1.15174892097,0.88729924677,0.910156168632,-1.86264534737,0
0.204406533436,1.34488721344,0.682928798395,-1.42542352744,0.253365498678,1
-0.948084952497,-1.43553804753,0.474092545837,0.261569354518,0.510615531586,0
0.235091427798,-2.73587709072,-0.574828502122,0.517276337792,-0.584109307205,1
-1.68797119581,-1.7110478977,-1.48339063169,-0.837406396745,-0.693410525226,1
0.393548562976,-1.77264913177,0.29577361628,-0.935344541632,-0.615445563933,1
1.18412348314,-0.364271099526,0.476564180834,0.675365208499,0.922057059843,0
0.576086099321,0.335412024573,-0.481868993198,-0.984205413686,-0.153087136362,0
0.970285345428,0.220314551887,0.0724180561554,-1.71920619642,-0.59948203343,1
-0.84653449825,0.9463432098,1.799913189,-0.417644638749,0.106065328165,1
-0.404525963288,-0.775948277027,0.574800058074,-0.150519766605,0.758023975623,1
-0.929537224983,-1.21695395834,-1.53498665845,0.413287953545,-0.140287021473,0
0.271906901094,0.836127507045,0.827462675907,1.45482269615,-2.42057706794,1
-0.183718863261,0.466434441526,-0.450387961013,0.137418036931,0.935208842379,1
0.330736300859,0.0622292500196,-0.178657660193,-0.275394553882,-1.11183930667,0
1.25109861168,-0.247060922722,-0.28340833665,-1.17875203038,-0.80813019431,1
-0.605615185102,0.0294230971215,0.534963985258,1.55096361664,0.393874932679,1
1.45870421777,-0.58421020081,0.503505912535,-0.55568889228,0.273231757996,0
0.457556969073,-1.49521687622,-1.0038401135,1.54433338569,-0.924173594751,1
1.83946296971,-0.430825283182,-1.12444866759,1.25526706683,0.532456705274,0
-1.55397620104,1.01791583158,-0.853581632731,0.196494685014,0.972924690134,0
-0.0091339835709,1.17725779339,-2.83600391934,1.42796496089,-0.52614080603,0
0.191590109458,-1.32189231609,1.21323654524,0.788822737812,-0.236030224837,1
0.705705262406,1.10772401026,0.495529305891,1.20591186698,0.202207120888,0
-0.987286092892,-1.57915870767,-0.596324472962,-1.20932474819,-0.460612628059,1
0.434055324565,1.67934594801,-0.0524773845239,0.187146571766,0.744913417573,1
-0.63558770734,0.702412286014,0.160389315621,-1.0168760048,1.79513223997,1
-0.436693899607,-0.904940379815,-0.799782960764,1.47050142044,-0.639230435946,0
-0.612938121343,0.956114260408,-0.189301536703,0.822388141894,-0.874694062625,0
-1.62695661977,0.541045486797,-0.829323770008,0.558723122105,-1.17220768613,0
0.726903980193,0.674199159241,-0.350768477889,-0.403843998872,0.765565937063,1
-1.13221475901,0.292504633285,0.541384664204,1.06408796748,0.229405546519,0
0.0275775441185,-1.88268285137,-1.34780357595,0.0212860466017,-0.0157556456083,1
-0.699358363363,-1.29826884558,-0.686054026836,-0.130139485466,-1.36061997148,1
-0.649143731169,-0.867197921848,-0.250976771298,-0.165022386752,0.741480424198,0
-0.494883233506,0.888299814943,2.24045901409,0.891504843493,1.18410087325,0
-0.71866874933,-0.633160560363,-0.939106283715,-0.384990784176,-1.42757935991,1
0.434153085236,-2.2668905347,-0.185609910575,-0.740904310897,0.308323305354,1
-0.727977341849,-0.1530936449,0.0551112636261,-0.213243043919,0.271361316549,1
-1.00967632766,0.173739395229,0.267097945866,0.742947826818,0.193984560839,1
-0.732342226504,-0.614991043611,-1.38613864526,-0.370150739032,-0.504740108399,1
1.25839359136,-1.58916903953,-0.313861663075,2.00049526615,0.444708241878,0
-1.76383961896,0.455957936724,1.79643997806,-0.102204813836,0.350833234407,0
-1.39110232821,-0.469637489508,-1.05654312978,0.348898030482,-1.44310709418,1
-0.718063938589,-0.537121652475,-1.05132091854,-0.49880761909,-2.27686070358,0
0.094986403685,-0.179392226646,-0.149792671901,-0.54285309363,-0.678835582824,1
1.23492049066,-1.07788055073,-1.24608787619,1.12173339847,-0.301529304559,1
0.575781425306,0.124252739384,0.273022015332,-0.57747145134,-0.719426334016,1
-1.48259464203,-1.12592599677,-0.829532882729,1.38709573642,0.278251700781,0
0.654166204832,-1.53819465807,-1.70693128352,0.58791561698,2.27525459154,0
-0.018975971116,-0.0580186363189,0.245743969654,0.0102611383246,0.245089757365,1
1.04897023158,1.42029650437,-1.10012338183,0.895236084283,0.013654050987,0
-1.04057159831,0.884587030231,-0.0916680015048,-0.725990578162,1.09849542605,0
0.0394835539839,-0.678359726501,-0.710537561639,0.168354894568,-0.455779919093,0
0.480574160783,0.539844519075,1.05063531077,0.863712330057,1.19501210352,0
0.0942419098217,-1.53471247003,1.44412751973,-1.81936025398,-2.26299247229,1
-0.173711652575,0.210378224811,-0.00282487875898,1.00209512392,-0.193306344029,1
-0.0223982643233,-0.456702853578,1.05542124723,-0.969751550495,-1.41115559533,0
-1.23015213357,-0.739681407447,0.0875763357692,-2.30415030098,-0.672876451359,0
0.301122565472,-0.201354071672,1.55421543464,-0.544274352045,-0.893846431752,0
1.34075906371,0.565569786436,-1.22281614566,-1.08711427059,-1.17881167131,1
-0.652356587204,-0.786330889174,-0.208487887494,-0.31761147276,-0.30287542944,0
0.174124977561,-1.89457014297,1.69783110445,-0.407997251879,0.58807877588,1
-0.386247237702,0.0102119842101,0.261273234743,0.0838184608441,-0.476445806643,1
0.114363107423,0.379296711217,0.0397303020294,0.322058503761,2.19512798718,0
-0.615868579141,-0.083881102376,-0.660265922539,0.130339988623,1.53849735764,1
0.522526137601,0.0156306295723,-1.37840458973,0.753643546927,0.863191172901,1
-1.50032434009,1.43321232047,1.68463879567,1.69765809956,1.06218103339,0
0.23298616591,1.09560903692,-0.323416359658,-0.793407759788,-1.01597984895,0
-0.845809450641,-0.331192532757,-0.8404636562,0.799434136544,-1.14128129392,1
-0.388141416017,0.669650057398,2.32682372996,-0.268667041635,-0.625201878062,0
-0.187463012065,-0.429873071896,0.0993652128601,-0.177041645628,-0.718750770694,0
1.5636135218,0.668031334817,-1.07973711074,0.584662910804,1.35377275954,0
1.35556351042,-0.30101304338,0.358267978749,-1.1243357153,-0.161053266395,1
0.0866986912467,-1.70235014773,-0.635382891841,-0.219949868163,0.993339743477,0
-1.67184856372,1.64129110973,1.51340578426,0.153226221525,-1.24101392372,0
0.985448661111,0.224975817372,0.406625354409,2.48175402746,-1.06174934703,0
-1.2644048641,-0.00975466701181,-0.948281725054,2.32074329194,-0.0488535166184,0
0.913774626627,-2.07047339936,0.59547315167,0.288129797021,-0.526675632271,1
-0.80311160483,-0.671612313351,0.812095746298,0.507790084669,-0.450117185409,1
-2.3434386126,-0.0986070741996,0.228735921315,-2.63767332238,-0.399022644437,1
-0.923636010186,-0.204448477762,-0.545294724225,0.865101285191,2.18390547832,0
-0.585923533346,-0.834109099663,1.00288689121,-1.34718954599,0.696935348141,0
1.22990141553,0.913631669239,1.92981649217,-0.683816270583,-0.397103963888,1
-0.868042508427,0.432075700961,-1.05103961957,1.5084821605,-0.869563168516,1
-1.23836150538,0.507096694203,0.448338863206,2.74283677077,0.00930420173518,0
1.8300091126,2.65676743273,-0.876842450538,-1.29100968075,0.145399160424,1
-0.274082713417,0.430915724816,-1.17626562536,-1.25419110975,-0.812554710901,0
0.504734530984,1.72117494264,0.196301321023,-0.94550643463,1.20235265276,1
0.50901999563,-1.006626217,-0.167577628325,-0.500953534167,-0.89439795068,0
-1.91275556384,1.30923277716,1.36195965446,0.654243027463,-0.303779483312,0
0.830300449931,1.4558276781,0.673233838004,-1.11958656203,0.526253977494,1
-0.0731772497556,0.995520502692,-0.318051543946,-1.19672214869,0.000229860059749,1
0.482577732842,1.63878221879,0.891764848201,-1.3660393824,-0.829542437664,1
-1.71186208264,1.56596890472,0.622055172637,-0.0848554224832,-0.809053743683,1
0.319188633016,-0.144047339058,-0.460450876547,-0.991888072358,-0.629702630318,0
1.24915409034,-0.971480158658,-0.229094015083,2.3367648377,0.672927996987,0
1.42748549021,0.621184410452,-0.721706460367,-0.523103249017,-0.121999210328,1
0.669086283288,1.39810116613,0.259683007065,-0.156872953355,-0.557602555516,1
-0.705269075998,-0.0325036563061,-0.178775377464,0.796762897253,0.38082318736,1
0.0600589588145,-0.529272254426,-0.806504167254,1.53694209246,-1.08304831349,1
-2.52408017991e-05,-0.176800973552,0.308172064735,1.43052931099,-0.504274710806,0
-0.990901281081,0.00152323188559,-1.04442108536,1.09864388319,1.51899679445,1
-0.867748575698,0.0766483361312,-0.429790561762,-1.07509409476,-0.285625994118,1
-0.491467419585,-1.33788132741,-0.863548584384,0.655778215269,-0.879657998876,1
1.33585468404,-0.0694416446779,-0.0492119944934,-1.93318603952,1.14712924414,1
1.04677730474,-0.283075599684,0.641482587267,-0.304831586927,2.81268377178,1
-2.03996464121,0.549867464008,1.38915099337,-0.571286023137,1.23780289157,0
-0.924048816678,0.278280089253,2.32014525379,0.752312996129,-0.120300489895,0
0.328501041198,-1.1746052852,-0.718865976096,-0.154279820937,0.147571387178,1
-0.762535786329,2.59336143243,0.149138141575,1.11006942502,-0.631430239071,1
0.191903828005,-1.56699192884,-1.84515081014,0.634277759857,-0.562674840882,0
-0.174648030282,0.2286997436,-0.667683318368,-1.07735403965,-2.40625327084,1
-0.34180502448,-1.5511213713,1.62690582703,-0.789598441659,-0.410480226365,1
-0.489771653608,1.27612594742,-0.477677959384,0.158600786444,-0.754524049313,0
-1.77566591783,2.02729861256,1.18350070871,-0.519368371509,-0.209254776668,0
0.815233319909,-1.65544023688,-0.911035183741,0.212641964473,0.11048826464,1
0.670523638587,0.135017119359,-0.326700649477,0.347654755104,-0.952795185869,0
-1.22485240862,-0.384580483186,1.05138555191,-1.82110155341,0.618571641896,1
-0.884763704235,1.4277898439,-0.309430535132,-1.02211955814,0.56460848357,1
0.969226508666,0.853339485179,0.0385101226044,-0.239188121173,-1.34386053316,0
1.50837894895,-1.16430674782,2.25613308173,1.06348440195,0.488664526892,0
1.24552668558,-0.677345835435,-0.366336956551,1.17796839621,0.525195857296,1
-1.13680132867,-0.0256642994598,1.3150789173,0.166421167936,2.01738396596,1
-0.774318659735,-1.19875562852,0.92004231046,-0.398346693848,-0.514413210286,1
-2.32968428197,0.655025250139,0.970492424513,-1.76167439659,-0.791045179666,0
0.312224356385,1.07769235235,-1.53089638017,-1.54196399036,-0.312725057209,0
-0.435158502215,-0.200790343307,2.10695823089,1.09150218447,-1.5732312365,1
0.146136055777,1.92157872304,-0.0673853366645,-0.332642723362,0.692904358137,0
-0.900695262583,1.45941555932,0.0918978129279,-0.104102561897,3.08305467701,1
0.988405696482,-1.14634032373,1.51017714139,1.62917869715,0.293422171067,0
-0.888846167479,-0.17398764889,-0.728250739686,0.188738064081,0.356401867095,0
-0.905438043434,0.461070763208,1.69397031658,0.467443185676,0.221469916793,1
-0.751479566068,0.785912958834,-2.18147591685,1.02516666508,-0.661746235759,1
1.12579160924,1.13030323099,-0.835874671243,0.676213594958,0.754089267438,1
-0.847877444797,-0.958589782087,0.70990794276,1.26558583595,2.44180462659,0
0.847901585259,-0.329875404332,0.149543300024,-0.303602669372,-1.45936092045,0
-0.803336854329,-0.490267676479,1.06403596995,-0.142810329997,0.0658993795901,0
-0.217198095471,1.5346863658,-0.560017995144,0.849068967494,0.548148347085,0
0.688377735617,1.74196327472,0.33620657873,0.120680546937,-0.223403466777,0
-0.319386653049,0.589535597806,-0.919258061571,-0.370826727577,1.2402311963,1
1.50539602733,-0.603263474174,-1.7612493653,0.454850379597,0.499885891827,0
-1.17477247731,-0.230929475277,-0.376936739891,-0.281769029861,-0.46460162413,0
1.33168570521,0.35420002812,-1.76028186241,-0.749933480214,-0.905924185288,1
-1.61055044931,0.377865725152,1.16692275166,-0.398878851127,-0.397290037949,0
-0.955472421847,0.448498747857,1.43139425712,-0.694921711048,0.0909575957138,1
-0.435535535071,-0.553900245001,0.232696584445,-1.91670648031,-1.30241938452,0
-1.01862676283,0.126988975485,-1.47054353673,0.590281987463,0.0471538419192,0
0.254445766605,0.966386739049,0.853181338193,1.37393925244,0.224617088035,1
2.46219616241,1.71571642098,-1.33268820438,-0.610012419205,0.286475836914,0
-0.945334552538,-0.60390573829,-0.904825988206,-0.363205767066,0.202727319954,0
0.0593404626043,1.04946195051,0.316221423822,-0.590681450317,-0.501492387044,0
-0.165376257164,0.551112364854,1.40446815922,0.0986016086523,0.883123610725,0
-0.0148666142188,0.154802360659,-0.218834748971,1.03952648315,0.976758016614,0
0.799765542267,0.0808515467076,1.0142368357,-0.637091239543,-0.132152338094,1
0.0513139062376,-0.0845416050076,-1.00808349829,1.25859137465,0.803583915869,1
-0.854148942977,-0.408559427731,-0.473332246583,1.77561247045,0.945773007209,1
0.238110950624,0.136631227894,-0.242272137459,0.8648019773,-0.309078069842,1
-0.463799301711,1.54335362955,0.862633005342,-1.27010979753,1.62974412637,1
-2.15215652261,-1.07928146926,0.693369283655,-2.42654346844,0.657842947185,0
-0.191780313844,-0.596111105636,0.866965711326,-0.226613087553,-1.44616456365,1
0.613150775554,-0.80002003674,-1.52096958895,1.63902217321,-0.283222684091,1
0.482689243813,1.44767142574,0.864158903194,-0.428073908983,2.13800958167,0
-0.0600420299456,1.52798973295,1.331256649,-0.859453200072,0.79979263942,0
0.184388629495,0.631963878889,-0.791036014292,-0.742838967786,-1.1071548559,1
-0.24985185819,-1.81466281239,-1.46294250132,-0.393050550329,-1.04509686528,0
-0.598736913927,-0.202919306432,0.784690503817,0.418418178786,0.778819070413,1
0.205108154042,2.37652217338,-0.330669308303,0.719353564864,1.87315209745,0
0.570909290276,-1.32064054597,1.36889321111,-0.281136678782,-0.264298259616,0
0.457395220523,0.233230243804,0.744416647292,-0.253640316744,-0.514562545539,0
0.225287570174,-0.965048162053,-0.122973218839,-0.833175258395,0.0126742959861,0
-0.513036329487,-0.224940983713,-2.36868843943,-1.18305921337,-1.58817233754,1
-0.52739706805,0.477068926527,0.546427005291,-1.08604276019,-0.0229752575562,0
0.680417699726,0.713348485061,1.29553992235,-1.26234962618,1.19335054897,1
-0.238571290113,-0.987716152007,-0.644888740039,-1.80010431349,0.643920046001,0
0.490462140638,0.681625332169,0.0445019566125,-0.84144489353,0.022879576036,1
-0.603238224027,-0.595147568549,0.978768026948,0.560939056437,0.36969490147,1
0.462259055584,-0.857795478625,2.41660800357,0.467259492715,0.498227596852,0
-0.840015354466,-0.119627367532,0.432660610551,-0.904555044485,1.57521346564,1
-1.07660066145,-0.393214344649,-0.341394434803,0.110125040702,-0.727935848243,0
0.120961110349,-1.27002516811,-1.77077841002,0.204230312395,-0.736119821665,1
-0.0645522628006,-1.31775820641,0.251833834253,1.02044149126,-1.6646536975,1
0.170849945324,0.18267050926,1.21345111988,-0.0155473561997,-0.121867561541,0
-0.0406942783473,-0.366811381159,1.00454079921,1.70297567353,-0.328946471795,0
-1.36200354003,-0.596015724383,1.85742294419,0.728174358491,0.00613634449623,0
2.25970843615,-0.169620648967,0.93959039633,-0.887220032196,1.38391673836,0
-0.486120054492,0.546908936759,-0.741732407729,-0.14760348056,-0.741341755505,1
-0.773926626134,-0.25859961685,0.0706671416211,0.0458320449703,1.01709467316,0
-0.358841600533,0.715134590641,0.77740054928,-0.0245764884579,-0.49851608083,1
0.330753173789,2.29256715426,0.335776121709,0.0922373571383,0.586977550453,0
0.0468919665657,0.0665291724803,-0.403339304604,1.24349042972,1.39142900665,0
-0.905985300812,-0.349914308247,0.348764944775,0.907645706971,-0.268072137504,0
0.424437178077,-1.47527456211,-0.7477209657,1.6248175508,0.616651794881,0
-0.377793391155,-0.396557428846,0.57924191128,-0.396745641881,1.02512927247,0
1.73536780622,-0.393902790497,-1.57106609924,1.72871033927,-0.515862409283,1
-1.5611989099,0.606424353029,-0.697199395376,0.375434416238,1.13748332124,1
0.507670441834,-0.569921111678,0.270073415528,-0.230572048756,0.804156481783,0
0.62082480519,-0.599622380372,0.287392970201,1.27994752338,0.130929339314,0
-0.98434041902,-0.70732389044,-1.80295999566,-1.38681911247,-1.28009081037,0
0.256263581963,1.13405931617,0.67758613638,1.36537373454,-1.03883299291,1
0.98371213494,0.49964381375,-1.0755714377,0.706230118096,1.1928127847,0
0.897094660574,0.439365887735,-0.10159661093,-2.46552678952,2.29588179897,0
1.29566266798,-1.5507730096,-1.42820729428,-0.398422254204,-2.17894339839,0
1.34609164921,3.11586550469,0.587125995608,1.23831317942,-0.532799504787,0
0.945853162315,-1.69035691513,0.240481934449,0.797099447109,0.199687956764,1
-1.05312228549,-0.51574815411,-1.05818098903,1.91640920196,0.0458978049096,1
0.256926102829,-1.61420999449,1.46372236718,-1.87877853006,0.00593163267021,0
-0.80828443411,-0.284218435347,0.754071993834,-0.591313017309,0.237991848997,0
2.11687034255,0.533262490397,3.004857101,0.637998891539,0.0871736725366,0
0.357431034702,-0.654917200696,1.75034839783,-1.19755442857,-0.155311505917,1
-1.14855696689,-0.365842848717,-1.26219925084,0.462636660484,-0.75396453429,1
0.563341911115,-0.98316438137,-0.129828762971,0.103484004025,-0.372249943009,1
-2.20401112425,1.21340336282,-0.109145962874,0.409064607073,-0.867343210753,0
-0.506201297758,0.37984134563,-1.00059795965,0.51886030268,0.638854035148,1
-0.717988649228,0.0527095842179,0.499629102932,0.795644375424,-0.63120271359,1
-0.55711967975,0.970577013945,0.650869345554,-0.287596912681,0.108452387789,1
-1.21228656339,0.463178070628,1.48705102213,-0.0607846129147,0.676760253928,1
-1.70733825782,0.403472748915,1.03829210061,0.579523668075,-1.52778995386,0
0.433329771708,0.83163030264,0.310312402206,-0.685838078784,-0.713119423644,1
-2.72959220785,1.60871673885,-0.723729074056,0.541115735462,-0.603196425983,1
0.00679171851942,0.19264621239,0.317821474971,-0.0227622335728,-0.23293200198,1
0.610197253759,1.87303448123,-0.594975658894,-1.59772996797,0.693461017757,0
-1.83937148647,-0.41035694229,1.89738389263,-0.308163102845,-0.0757466247194,0
1.30293804068,-0.323113036651,-0.143423598698,-0.356743150993,-1.19726911564,0
0.05556218656,-2.44915841256,1.20282479753,-0.000244839803599,1.59725351934,0
0.594474328611,2.08330262132,1.42474285672,-0.782749063796,0.0574716231013,0
1.27888367141,0.619556087904,-0.00075597828164,-0.637687152868,0.428084144205,1
1.81217574034,-0.385432654872,-2.45279841339,1.1560444764,-1.10257706794,1
-0.629899261161,1.19176444842,-1.5475881687,-1.48105295731,0.70964002479,1
-0.288769970258,0.192664402339,0.26914471799,0.065291584784,0.617536904393,0
0.168666084061,-0.593739389441,0.180393036954,0.2318887529,-0.0152267158155,1
0.928295981268,-0.992592973979,-1.42410863889,0.168746746264,0.901564916475,1
1.24466456693,-0.269496650147,-0.249757750336,-1.14201838035,-0.959056810776,1
0.370842276972,0.482626551767,-1.23361875642,-1.18605452515,0.151163194332,1
0.427899998952,1.60800856173,-0.637653347883,1.16286167681,-1.47425962805,1
-0.456838187867,-1.95128107891,0.131900191418,1.60994184609,-0.663861304845,0
-0.273217358949,0.0277312114482,-0.737081951405,-0.396842054,-0.506887284446,1
0.31063076948,0.45115336509,0.728055057182,-2.2657567324,-2.97234146783,1
0.00544935710641,-0.409186255485,-1.32673944784,-0.444767925274,-0.180298096552,0
0.851094677895,-1.16534900213,-1.03172445949,0.845737557905,0.585720584855,1
0.8935206773,-0.492920813635,-0.651262111833,-0.0713441783298,-0.0533187449637,0
0.729925836482,-0.0860154497467,-0.244128298742,-1.10319785896,0.758613314982,1
0.411637880861,1.82316601183,-0.173437131789,0.858927645807,1.62928410264,1
1.73008637263,1.23023927314,0.491552223672,2.57924229842,-0.827193785476,0
0.0936737972191,0.580897679482,0.104207628111,-0.148550095905,2.01707888355,0
-0.901227888892,-0.22267906091,-0.881126310644,0.408272664853,0.197229003778,0
-0.853679459477,-1.55769930913,-0.0447657248817,0.087894645524,0.633937984199,1
0.416380206378,-0.845548924457,-0.65579548845,-0.967489777181,1.52253200194,0
-0.764235987157,1.77750634138,-0.0165990726162,-0.0222539022103,0.0795396739141,1
-0.238420358137,0.74627212176,0.614138675668,0.371365083818,0.269425357476,0
-0.142900330675,-0.661304549611,1.32186529926,-0.390351793205,0.136146670979,0
-0.977953554835,-0.298271729644,1.22874607479,0.340174732472,1.34123647749,1
-1.36003616205,-0.102480185092,0.348615142824,1.8082960328,0.0830783594678,1
0.778974619108,0.905127582664,-1.69690242227,0.0909087382073,-1.23460285141,0
0.181284837508,0.702495757354,-1.08127633485,0.540522941034,-0.0799209723173,1
0.0962477822596,-0.357605539528,0.54589922136,0.233751419829,0.443882486453,1
-0.286056415587,0.295774042839,0.0486274959034,0.224000786642,0.969452016054,0
-0.551289543702,0.229978115923,0.661533480261,-0.480871582829,0.179290342004,1
-1.69523025044,0.214453605881,0.0666450463411,-1.09855247777,0.487513731034,0
0.948818407157,-0.977999487482,0.877418876064,0.665783637025,-0.455716923686,0
-0.611634166971,-0.569695235778,-0.292107004936,0.738454037819,-0.037887459811,0
-1.03664734655,-0.299799591804,1.74037534229,0.234074209317,2.21445597427,1
-0.905529328496,-0.863971755339,-0.706907583758,1.0319143776,1.80141599465,1
0.0242124439265,-0.937266365985,0.612140276652,-0.508300198609,0.245678084836,1
0.554445333317,1.55920768766,0.0215049753157,0.703385407431,-0.112530769065,1
-0.629589607853,-0.319062071791,-0.412683486912,1.16610077898,1.89072740972,1
-2.17654754927,-1.61042749793,0.58933330534,1.31815512641,0.915454675444,0
-1.48638933839,0.244177107963,1.12423921862,-0.847269347072,0.556661828674,1
-1.43397628657,0.505261475769,-0.678431845691,0.00671718888596,0.0996407121631,0
-1.08379286675,-0.248411268771,1.46035145512,0.174964141645,-0.575651877122,1
-0.678582981622,-2.04768657729,0.179193384458,-0.297289146819,-0.183399401781,0
-0.0768414188159,1.95614882998,0.293029683122,-0.442068281552,-0.219148697996,0
0.451698610872,-0.0134546512028,0.910748724298,-0.948734114489,1.05474016492,1
1.94085241802,1.74004515553,0.672282815047,1.38897819936,-0.385130850304,0
-0.162155032688,-0.845766970597,-0.733621970666,-1.0750003346,0.290227786638,0
0.754978762422,-1.29648932504,0.494565737869,0.835067485286,-0.554316068195,1
-1.19250544113,-0.177591212431,-0.629588887787,0.175171360627,-0.38046314844,0
-1.19231354079,1.12835365938,1.84749013251,-0.140926112509,1.59596144449,1
-0.692515302719,-1.64832291049,-2.11984670084,1.0496130808,-0.519593509824,0
-0.186175747687,-1.94548712132,0.976488340156,1.03269038972,0.364217834616,1
0.0411727377119,0.334084544995,-0.752915225387,2.62122628202,0.976822657415,0
0.429538293471,0.532541895616,0.328648362705,-0.0901089481911,-0.921635074752,1
-0.346769459781,2.57226774655,1.45795116311,-2.43955176133,0.0640068349624,0
-0.309900270586,-0.617597625566,0.087771214728,0.504082233847,1.01786051835,0
-0.35112938927,1.01123849113,-0.459182265208,0.327507112369,-0.14696935546,1
-1.66161164714,1.55342938415,1.85399383415,0.869714657107,-0.717904875182,1
0.616388525341,0.65793759929,0.681648481796,0.358223613658,1.95354811242,1
0.843033352034,0.0396867607218,-1.19034163824,-0.202314514826,-1.31661410695,0
0.138537298579,-0.763104354739,0.138311191864,0.589472191522,0.584373250023,1
-0.477793230281,-0.127258993971,-1.52037694678,0.451117166169,0.0761281237745,0
1.18223878256,-0.154671145497,0.842835744918,-0.106053265764,0.252296531161,1
-0.610566397498,-3.17369580575,-0.993450097574,-1.503069366,-1.0056135362,0
-1.58845183764,-0.413946420934,1.22259203097,-0.762286096302,1.31430179447,0
0.882691915677,-1.36887093328,-0.359830504221,0.132398283174,-1.73123226709,1
0.423374944078,0.05977712722,-0.0636688956538,-0.921447921649,0.304148842417,1
0.244647929636,-0.491939491959,2.13827940035,1.06706889958,1.23907895554,1
0.766667528762,-0.745136139097,-0.671645951793,1.50730031014,1.88584451493,0
1.2354742436,-0.837887826324,1.28813193736,-1.54994289594,-0.528053179433,0
-0.813305104727,-1.89997884931,1.0492019747,0.724342820421,-0.204608072244,1
0.289513392181,0.0831235927274,1.75296411562,0.288849257119,0.814347083537,1
0.460285666389,0.469959569371,1.17406911585,0.580048149935,1.03889583708,1
0.0739473126728,-1.32669122103,-0.147325169653,1.20016506238,-2.08691952732,1
1.96865277742,0.628071559396,0.663703682681,-0.306979777923,-0.224376989056,1
0.471602564092,-0.0328297661596,-1.14364929031,0.747745039671,0.895126987052,1
-0.0646390918028,1.07191262454,-0.845134032529,1.48832243905,-0.47649902577,1
0.2752251066,0.184680274129,-0.778671026018,-0.796738157116,0.0953761932187,1
-0.278866243406,1.40241277537,-1.5078946397,0.338919530279,-2.1026188816,0
0.665351405557,0.0886501374615,-0.144709952837,0.344466878079,1.17386923362,0
-0.394352335188,-2.59230666713,1.4820221926,0.387793913904,-0.129740566373,0
0.70285074221,-0.0623914038193,0.777067753154,-1.29816058012,1.51540841867,1
-1.88362873463,-1.2461665667,-0.614833152787,-0.298180714431,1.29923588657,1
-0.429849134739,-1.34660561625,0.598224509333,-0.347641258596,0.0831976768284,0
-0.496288884824,-0.755300972879,0.832741560709,0.086311366548,0.0518138357192,1
1.6686466098,0.852967788544,0.642109187987,0.871044813448,0.682098081924,1
-1.12151175361,-0.106681717744,2.35093519301,-0.859649447702,-0.24092160453,1
0.067788757584,-1.2809222981,-0.0953846448503,0.580409763335,1.34692201358,1
-0.257285003557,-0.911974999049,1.30881183497,-0.514085217686,-1.54719919289,1
-0.728150183522,2.57696482265,-0.922442114299,-0.246186661433,0.457392102679,0
-1.22851110583,0.925203141713,1.93659121723,-0.500129235457,-0.134469894378,1
0.625890499908,-0.282193460981,1.05938211445,-0.314379311071,-2.0733652247,1
-0.105986628311,-0.984019003661,-0.216810618272,0.718502066247,-0.570366949323,1
1.47535798702,-0.522675901598,-1.66677711293,0.970713959077,0.00318963120847,1
0.591602314601,-1.3021859732,-0.980459918832,0.0378712584524,-0.319724856595,1
0.709821884759,1.34817372933,0.299923325264,1.36124090103,-0.36964708499,1
0.218396782335,-2.12346709941,0.489486418437,-1.21414832594,1.08008488179,1
0.10649256902,-0.870229495803,1.52965336617,-0.79462471254,-0.567495279732,0
1.08163554538,0.196854974329,-0.344669711582,-1.11725624268,1.40899664231,1
-0.864590013323,0.396697378293,0.67792547073,0.242029983216,0.778901942638,1
-0.564374220611,-0.0088922275673,-0.0738846655242,0.706291442,0.210209797449,0
-0.75389658514,0.97629052448,0.954576835222,1.39771835887,0.155468639143,1
-0.579228285583,1.60284730388,0.850841848827,-0.319880732491,0.415383409504,0
0.256295036831,-0.571731623482,0.445660735254,-0.603106552445,-0.666487696811,1
0.822021970787,-0.143013829365,-0.154330555379,-0.995538984712,1.14315418938,1
0.282553536967,-0.679930543298,1.10739435044,-0.427062340175,1.23989984704,0
1.11983763761,-1.24327820266,-0.290833254937,0.503713837456,0.373111328823,1
-0.103993344299,1.0002736968,0.215727554424,0.128152563507,-0.235505969718,1
-0.676811226217,-0.447666452898,0.514775392947,0.197377480056,-1.69916657065,1
1.06127081148,0.280985739885,-0.101900153487,0.948651701119,0.654670641128,1
1.37149640837,-0.810279618982,1.14056671971,-0.973273978034,-0.541185985279,1
1.56395840462,0.343044735585,0.0533773118377,-1.02307451395,1.98240188585,1
0.544161500026,0.172465425706,0.155078645589,-0.453205209808,-0.550584821583,1
-0.390365765686,-0.987832606895,0.279515085473,-1.25493907762,-1.32160990221,1
-0.818079309158,0.120229364562,-1.64012803007,1.72411082714,-0.0353031314048,1
0.68624427689,0.865848739369,-0.344335894581,2.57813890959,0.763658058616,0
0.454367942606,-0.309238159321,0.980609309664,-1.12152666892,0.534105692712,0
0.026724488961,0.0715335039576,-1.94397072881,0.348720621297,-0.104322483892,0
-1.43539973125,-0.671657463947,-2.09389751149,0.47749850553,-1.77867313524,1
0.122963562079,-1.31176536729,-0.338315977295,-1.12664746378,0.585619268845,1
-0.472065247661,-0.327304891928,-0.892094021483,-0.377513104136,-0.780469733455,1
1.64050505303,-1.79256826247,0.385443399001,1.80669218801,1.37358271362,0
-0.787089524832,-0.900137548651,0.377137645631,1.38182798933,0.540956501307,1
0.797428305533,1.21794311292,1.35444750569,-0.852635733019,1.66456487692,1
-0.955052063177,0.833646746559,-0.678654894355,1.0481106625,-1.6791331379,1
-0.629699998048,-0.388482399316,0.26154785027,2.80468006208,-0.294498455868,1
1.51181164692,-1.19803427431,1.44736233693,0.3146940973,-0.279312912643,0
-1.86036686546,-0.558983570748,-0.231583385063,-1.49388393022,0.834155777897,0
0.179637327872,1.15756832606,-0.453774808948,2.25638391931,-1.25633136849,1
0.0205075687076,-0.278512410919,-2.05602872634,-0.528007568744,1.61625240814,1
0.398986104794,-1.56653101648,-0.429457066528,1.1750238876,1.66656373485,0
-0.0772696401986,1.06002034954,-1.32543716955,0.0671518064224,0.104169090461,1
-0.976704972638,1.09651161772,0.0716966620087,1.65774901577,0.119195192757,1
1.23647780437,1.41101705916,1.39784276029,-0.226294241585,-0.0917437510417,0
-0.0376211641741,0.377151497409,-1.88419147704,-1.72769737454,-0.583417328681,1
-0.219941792281,0.817416092562,-0.680938654972,-0.107132673921,-0.846221717702,1
-0.140780792994,0.768194821416,-0.0168404678116,0.462800024099,-0.465961350467,0
1.3198685779,-1.90777288511,0.375300344784,0.312357809697,-0.365173061618,0
-1.39906363296,-1.00435577071,-0.227895070189,-1.96820896773,-1.13927413392,1
0.137926778743,-0.51132646245,-0.835130913427,0.0705115426665,-0.203594619611,0
0.4847130429,-1.40831564131,-0.716697352015,-1.03410764371,1.63278687018,0
0.200827740195,-0.0125050852453,-1.55537797012,-0.87014045146,-0.485058809187,0
0.393303081479,0.44106337106,-0.409240595772,-1.13314219088,-1.43106095821,0
0.0659888516826,-0.289658255272,-0.665053305474,0.804389601561,0.483234805545,0
0.487029402733,0.560587578614,-1.39367001563,-0.115866541674,-0.529133685912,0
0.700926544621,-1.3802460768,-0.531508167566,1.68813311991,-0.859801039979,0
0.544376143923,0.76767896064,-0.379505555342,0.00956600914082,-1.48641906316,1
0.268731448482,-0.0569631295793,-2.10653157872,-2.23215311592,-0.0695519389557,1
-0.448501371724,0.596565476091,1.7024490067,-1.94921302322,1.10877191751,1
-0.986660125183,-0.298455609161,1.18408130552,1.15314649072,-0.873166583879,0
-0.0114153832534,-1.57955507508,0.531495262023,2.3639693206,1.17879299771,0
1.08232577539,0.140252428829,-0.115847010769,-0.179752028205,-0.118430505599,0
-1.22502735786,1.30645256119,-1.20761836666,0.235511051423,0.471152965654,0
0.0704872511844,1.15018841429,0.378845347597,0.330939211705,0.460895420402,0
-0.504049861517,0.576458363231,-1.13627800458,-1.93571585484,-1.10412667781,0
-0.337572413372,-1.1485264321,-0.362403955661,0.0743115873626,0.297717416493,0
1.73299743906,-0.859850637937,1.74837152274,-1.02782392424,-0.348942581178,0
-0.986202502093,0.175357156769,0.661467451925,-0.0846403653866,-0.701714588426,0
-0.602382526994,-1.58866833843,1.29557057777,0.0267828070207,-0.340120685731,0
1.75288910256,0.68385359493,1.44091022919,1.22450643144,-0.0552950065794,0
-0.167147939396,-0.594960274909,-0.301816249292,-0.626535487055,-0.906543612027,1
-0.0748818806208,1.52624700127,1.01495813042,0.301800849852,0.0948562292695,1
-0.83712434217,-0.934892632685,0.26758337432,-0.694786416252,1.37025916187,0
1.37075404773,-0.202899822878,-0.813729365386,-1.16304277399,-0.723123706282,0
0.785013632359,-0.0779598942781,1.51245934013,-0.91758701743,-0.362125390967,0
-0.650279561638,-1.06153951091,0.430005990147,-0.0818232762497,0.290203760593,1
-0.0116001191694,-0.310709847102,-0.624618235109,-0.542988409658,-0.218792295547,1
0.954353791646,-0.121675801988,-0.379853095906,-0.118985073124,0.714634852952,1
1.57568270814,0.733309403036,-0.497910912696,-0.672960366559,1.52414318877,1
-0.0533049202636,2.26035504149,-0.497480110365,-0.492020341283,-0.0481627320873,1
1.16899782278,-1.91026070993,-0.255601924692,-0.51312267185,0.480641171564,1
-2.7323510261,0.857179606157,-0.418825562323,0.202563074307,-0.864243833478,0
0.688824917443,-0.111567121652,-0.599799856491,-1.10969598008,-0.0467924380827,0
-1.17940618828,1.18628503041,0.940397100777,-1.29923429984,1.42191793944,1
-0.134920592453,-1.08909034248,-0.961242053186,0.13553164737,-0.0618060947389,0
-0.620847605421,-1.27959419636,1.52541206,1.49369902991,-0.279043636911,0
-1.03331675457,0.0421778464388,0.234663257239,0.17460567789,-0.266474706354,1
1.55138807145,-0.274097504331,0.318132000776,-1.21835394658,-0.598719165283,0
-0.719613397471,0.50360344285,-0.948710039618,-0.579167503561,-0.267745594863,0
-2.62403927117,0.270772167834,-0.632439403345,0.924939009081,-0.385339021215,1
-0.375760396731,-1.070003348,0.206302050808,-1.0415098575,-0.750244197276,1
-0.925901608662,-1.29645613569,0.0125938647498,-1.00049705232,-0.0962462303542,1
-0.113386771155,-0.267506396827,-0.627930894422,-0.101346399077,-1.05852133058,1
0.204394053237,0.952582965495,0.821290253847,-0.554347627406,0.324239165277,0
-0.550862794188,0.542912423757,-0.597345993957,-1.08441647983,-1.65693529218,1
2.15158379371,0.985381598458,2.01411049902,-0.256834026784,0.137046777057,0
0.574018482452,0.972782535865,2.29599125609,0.054681538845,0.583412854479,1
-0.446259564398,-1.31086534987,0.320913103687,0.383058631472,-0.333588618031,1
-2.69024662202,-0.251480869275,-0.336462025942,0.885319753941,-1.19937655954,0
0.824539658871,-2.17079257606,0.315860321693,-0.276613158791,0.926547878139,0
0.461893398053,0.849620004199,-1.34023044495,0.218341607444,-0.268723099292,0
-1.12991554909,-0.703845506569,1.68290162377,-0.590586541122,0.150267854728,1
-0.748240897088,-0.388267276352,0.261418555651,-0.303120455129,0.422851274309,0
-0.498829627722,-0.573204740885,-0.662513730093,-2.30716369508,-0.67811504257,0
-0.800450279049,-0.811418675595,0.049318356673,0.177838317239,-0.207753512206,0
0.217083509264,-0.784737647728,0.472458196231,-0.0556336008138,0.734546686528,1
-0.28209110416,0.754135530836,-1.67027301403,-0.420287482924,0.485505828589,1
-0.0043400289151,1.30940149919,0.922571476789,0.106390900223,-0.185740724657,0
1.14228019915,-0.418772455518,0.477335764372,0.660396662111,0.767204629119,0
-0.678831128432,0.542195409081,-0.196813554849,-1.14078695203,-1.29470157303,0
-0.203627639364,0.00411106918685,-0.224275264855,-0.225415237455,0.427124648185,0
-1.15721503066,0.634459447929,0.720101587451,0.544307777425,1.25329515341,0
0.244989509568,1.33249632192,-0.302500171143,-0.6308343102,-0.978437211964,1
-0.801321212661,-0.702933185508,0.400255097515,1.57356101932,-0.361281004441,1
-0.188957849275,0.949438918884,-1.50626345799,0.969452029332,-0.198004119034,1
0.266072225093,0.672324325545,0.246935108735,0.385651549871,0.507296007027,1
-0.59359210193,1.10169756067,-0.110685978259,-1.08691726467,-0.0256379599976,0
-0.559315937046,1.2560839669,-1.69250134848,0.483005109869,2.5528494449,0
-1.14545441072,0.581044516963,1.02228614309,1.9234579077,1.06012810195,1
-1.00763512337,0.303204515047,-0.962128307872,-0.321791448778,0.799268118423,0
0.819599574891,-0.680109193123,-0.0424605322362,0.245084887946,-0.0336620107767,1
1.25771096516,1.55031670165,1.28451950316,1.1497976892,-0.530845483669,0
-0.0676988392048,0.629611190495,-0.449065993346,-0.935708913603,-0.0598777924229,0
-0.519530953088,0.179275017388,-0.590331189738,-0.523114084766,1.32611676032,0
0.526701462486,-0.388491322166,0.618992211756,-0.673180077993,-1.65384031742,0
1.37571360754,1.10464139355,-0.506544072685,-0.263367345182,0.962373692292,0
-0.854703155495,1.24668199056,2.71733802093,0.0611434293761,1.21958710226,1
-0.602120082444,0.598110456476,0.420205979389,-0.611110301682,0.458173218621,0
0.330074809126,-0.736694059206,-0.808551791829,-0.220384604596,0.915834206385,1
-0.683547243958,0.25004928752,-0.157353176314,0.730723178834,0.899908854532,0
-0.6281298777,-0.143698391748,-0.0495903488919,-0.533650896353,-0.118023284899,1
-0.729715156527,-0.116477306026,-0.676750134906,-0.10657576871,-1.71811822742,1
-0.0792112881894,-0.301151752344,-0.0948052715753,0.900696722141,0.0540804054792,0
1.22772560805,1.34182255675,-0.633161947536,0.820980149382,-0.125334452989,1
-0.518518567583,0.844295335447,-1.25007948963,0.190393956913,-0.340069543154,0
0.811208033938,0.992579995052,0.0383918371345,1.00419009952,-0.438638565884,0
-1.70885450127,-0.226557852792,-1.30237695604,0.534859443715,-0.618812259971,0
-0.0284187413647,-0.408395344298,0.918269792105,-0.562331066371,-0.189807872375,1
-0.936799079741,-1.28044527634,0.534744955094,0.43728627563,1.94669508122,1
0.956568154605,-1.38196017976,0.310342740897,0.476237786468,0.0451133616965,0
0.387224703554,-1.55062223053,-0.868979916017,-0.693114141948,-0.394567444696,0
-0.1853806066,-1.8158036174,0.154487177801,0.460455864362,0.704653829241,1
0.120927107648,1.23242418254,1.66856702087,-0.617174223224,0.961717929501,1
-0.711542747358,0.810162375192,0.492344965401,0.551317055697,-0.19873937293,0
-0.635814029581,-0.83256810636,-1.12170741223,-0.0647339901408,2.56529651417,0
-1.73471700766,-1.01980415413,0.301859138057,2.0589025282,0.615294391308,1
-2.45466054461,-2.57383359863,-0.909533966424,0.180976477457,-0.482350747709,0
-2.70008923183,1.86506238607,-0.688011468886,-0.270756424085,0.636493353808,1
1.02069240221,-0.442258600231,-0.650561179345,-1.23098514334,-0.691864474416,1
0.293667525796,-0.0228026000898,-0.982483916786,0.546821254231,-1.1351907086,0
-0.760474177614,0.129963815137,0.751953053407,-0.379450933385,-0.4132670992,0
0.000865046965523,-0.754034645397,1.06944210139,-0.124087896263,1.13879151104,1
-0.139329500158,0.912178068766,0.228610727234,-0.53552628467,-0.960048944536,0
-2.01541102362,2.67535448889,-1.57365173283,2.60302510722,-0.101467871088,1
-0.275972014113,-1.47811889548,-0.161662900951,-0.140155812494,-0.616901165177,0
-1.36251435774,0.00900645091949,-0.647821518657,0.679518078455,-0.767049171294,1
0.493251611186,-0.784917410634,2.01539538471,1.09813496462,0.423550785523,1
0.131680755549,0.360548221452,-0.26281369776,1.31841174308,-0.848077479313,1
-0.758941062915,1.30677187748,-0.926231048096,1.01439738277,-1.04252950665,0
-0.936216599141,-0.0709230457784,-1.43286566934,-1.93751694256,0.344261324885,0
1.43333698747,0.858907987183,-0.0453882759634,-0.226599806401,0.220572038247,1
0.33145977046,1.27369411161,1.25808031186,-0.162434225209,-0.379927402596,1
-0.863544935956,1.38042433153,-0.0647124175205,-0.712924635771,0.0461698093607,1
1.18088898852,-1.39338621394,-0.904270269289,-0.00171590283579,0.0791156315543,1
0.845552290232,-1.91851663446,-0.533091367869,-0.560050556901,0.770712194919,1
1.2834311453,0.536871390194,1.28477586006,-1.85729464177,0.444762766678,0
1.2119548187,0.95264152199,0.0103834375242,-1.35065376024,0.242412243806,0
-0.42342085604,-0.139336873378,-1.17175505903,-0.00243836929763,-0.689755686957,0
-2.41964445848,-0.51381123754,1.08116033725,-1.63951345685,-0.175740844387,1
1.152809484,0.787630826753,0.0545249680085,0.0976630504448,0.618401070674,0
0.821106764108,0.363150687769,-0.837604090628,-1.1867068667,-0.204308358268,0
0.58231315287,1.14170999879,-0.896899471739,-1.09337051889,0.267939103951,0
0.24626787384,-0.0355549516322,-0.153575463897,1.00197839576,1.51438248348,1
0.530860168572,0.154327513758,-2.37610360577,0.193396173493,-1.73306764304,1
-0.339329736216,-1.37287238718,-0.230418762972,-1.69022487444,-0.126166627251,1
-1.54034248642,1.24929558937,0.161009541043,0.714671676994,0.326627815369,0
0.245212796329,0.19789851247,-0.118146247807,-0.277321205358,0.714190906096,1
-0.287113313382,0.766273766517,-1.83155729248,-2.08890327826,-0.294116729292,0
-0.92095398725,0.241152328965,0.335166257527,-0.634255016651,0.541321745585,0
-0.643729215105,-0.361091763725,-1.1524696556,0.130862796049,-0.671519446468,1
0.597752005886,0.46482507979,0.0761265896199,2.60424747763,0.550708661444,1
-0.189647926642,-0.0888847641816,-1.08151647052,-1.07581612917,-1.03750363796,1
1.94681651641,-0.248949196972,0.264901554895,-2.07622174663,0.196739639558,1
-2.21421335926,-0.988957673314,-0.0640613584505,0.840978648509,-2.22406360095,1
3.00562047781,0.155113143202,-0.000539317545595,-0.800002210052,0.206838021866,1
-0.0194645763137,-0.514367219885,-1.61258851777,0.0669258252661,0.128314491379,0
-1.19137281241,0.448155095472,-1.6265112566,-1.78527474122,2.03107756555,0
-0.25635512868,0.326938833634,1.97112609069,0.901753409858,-1.67949856426,1
-1.40819115024,-2.18466546592,0.905606658919,-0.553166488988,0.198648311835,1
-0.58660602201,0.793920364131,-0.198612309013,0.0968907668155,-0.77114583822,0
0.00985280184503,-0.966714398698,1.37295297405,0.788069170801,0.232493386011,0
-2.49284736041,0.285824022556,2.0238243435,1.80477176485,-0.342936175632,1
-0.701032392249,-0.00811078989828,0.0812865703644,0.204883681423,-0.0730541050847,1
2.18164721618,0.734230088349,-1.46243256218,-1.67644678539,0.0745340845002,1
0.0957020151089,0.765555982652,1.50158749958,-0.704509735344,1.19325284061,1
-0.410147875353,0.377719248826,-0.713619951711,-0.708773819528,-0.0249371634145,0
-0.958201499923,-1.34327312994,0.411134128696,1.3568871873,0.642097564863,0
-1.48050630247,1.7251177035,-0.743788361281,-1.68106765086,0.358491474352,1
-0.338707763513,1.17390795527,1.15550372059,-1.92978109859,-0.224297528981,0
-1.32137263586,1.07301155333,-0.317698936692,-0.0241728793775,-2.16255799121,1
0.56513281633,0.732812442843,-0.249183813623,0.651320922019,1.39826542785,0
-0.379576200786,-0.532033220498,-1.16485910272,1.83310908628,-1.27005463138,0
-0.794460923358,0.302753676063,-0.208733443291,-3.28284250659,-0.928308659373,1
0.690440765625,2.41427011458,-0.971039908099,-1.36632463618,-0.54189001516,0
0.00960260423248,0.0702000315666,-0.17823482353,0.214030527375,-0.965370155143,1
-0.601593087097,0.57266675628,-0.739657276548,0.698240668249,-1.21026530558,0
-1.55009978445,0.0326194342373,1.60301349199,1.72083661365,0.276870725636,0
0.13020265488,-1.49272378395,-1.94460797513,-0.263265323689,0.810969693755,1
0.394120470562,-0.151718403103,-0.38297241826,0.532789785111,-1.00097793167,0
-0.191484601912,0.0814639115886,0.224889957221,-0.747177544431,-0.295902989852,1
-0.158717629324,1.75079752161,-0.928812839832,1.99350735282,1.17075488369,0
-0.628853020348,-1.38839623067,-0.697588451332,1.33767454049,-0.19365593904,0
-0.760391169086,-0.857833872187,0.715605295994,0.337014564643,-0.151928159953,1
-0.883519234853,0.378439724491,0.663870096019,-1.1303988192,0.593256258393,1
0.745455785317,2.86814794785,-1.42811204882,-0.434775138847,0.171264281529,0
-0.411589850423,1.0340665676,-0.469129438949,-0.578395350291,0.520643071178,1
0.0960355518508,0.706650581725,-3.49892382449,1.03368671556,0.657358504537,1
-1.15769023647,0.949631115797,-0.336924088269,0.404305825787,0.669035148306,0
1.47613056033,-0.155745783621,-0.102516387299,0.307776723742,0.867412120035,1
0.0105302887185,-0.844968856014,1.20240341602,-0.567678751067,1.55883550169,1
0.32974963038,0.442768328486,-0.645436084791,0.0116420362537,0.276448629774,1
-0.406509448151,-0.84708680447,-1.55544262447,0.985775784252,1.3152616384,1
1.47394985629,-1.81218148498,-0.471152120261,0.651391843176,0.761394766397,1
0.048068291845,-0.19371357326,-1.67671842336,-0.214318958981,0.212763049154,1
-1.08381494343,-0.91257285668,-0.798962976185,0.191475905694,-0.476795104179,0
-1.39553967133,-2.23107202926,-0.0939684505575,-0.749444737926,0.120485742514,1
-0.296849282546,-0.0896273599627,0.798847789917,-0.231398947136,-1.64760808757,0
0.842571976138,-0.0633642367287,0.899004900675,-0.343844026062,0.429402725576,1
-0.540104751082,-1.21798369698,0.721464345197,-0.362837332071,0.440055303795,0
-0.201296704255,0.942202077238,-1.50085996927,-2.53222596329,-0.316369304714,0
-0.26358793575,-0.724876893315,-0.350221934425,-0.939279418596,0.419443354566,0
0.588400880898,-0.286900433089,-0.078903651043,-0.688689719865,-0.351613650857,0
0.171264782882,0.484773682054,-0.262633587998,1.19838857361,-0.341050413568,0
1.43129473512,0.413392168686,1.36832389946,0.25046462804,-0.623494709592,0
-0.523066296837,1.1662626786,-1.13371343187,0.869621906905,1.31033689499,1
-0.196520593648,-1.80716420404,-0.791925245022,1.04357328638,-0.573162014794,0
-1.32668323102,-0.530385234388,-1.8784607168,0.792061246019,1.31724242208,0
-1.18132525534,0.0520419897984,0.667743130045,0.283292254462,0.543974347983,1
-0.253973835498,-0.383671102132,-1.57134119899,-0.625245740059,-0.316170731365,1
-0.47137514752,0.855557552644,-1.42431840025,-0.721710075849,0.955584765621,0
-0.677148580636,-0.214189843531,2.03573395757,-1.64392160491,-1.08945627872,0
0.183870089612,0.884937464241,0.757257102498,-1.23234799598,-0.759175585815,1
-1.28371753136,0.595732027928,0.412674946692,0.985922451173,0.50914324571,0
-1.33864585631,0.336861169352,0.325103449297,1.72918005134,1.64247279516,0
-0.351375485609,1.35983717277,1.17585067691,0.321822716583,0.0760627604339,1
-0.492127533417,-0.0042482156936,-1.47817130901,-0.425574391345,0.220917225734,1
0.434159416489,-0.914627918039,-0.294751940708,0.316104583785,1.51430843836,0
-0.84054667961,0.218899838675,0.643036805619,-0.0159148256718,-1.23386792425,1
-1.27748489283,0.987417650646,0.761251221189,-1.92245633989,-0.409246567162,0
-0.0628362319221,0.123863893277,0.521981213995,0.19186957529,0.57537140195,1
0.650803156094,0.554254535384,0.469589605305,-1.33481928312,0.465620564476,1
-0.832003340853,-0.587687739924,0.175664391463,0.625323848407,0.441691016728,0
0.154222569202,0.511459207186,0.354462744184,-0.376741419079,-0.0227822899205,0
1.29285261349,1.82474480333,1.29263098488,-0.795412898726,0.46527346912,1
-0.254701968242,-0.784196065183,0.43898003766,-1.97167463939,-1.03881358807,1
1.15640450416,0.224912468705,-1.15884183179,-2.17621318197,0.421700175589,1
0.703200600203,-0.236532676218,-1.79519329429,0.692384124892,-0.890972039947,1
-1.04306101764,-0.687363322861,0.881668654311,1.83288068324,-0.167611479953,1
0.347213056661,0.659552256966,1.08277533707,0.0538673611735,0.351552521174,0
-1.83522936091,-0.113286094466,-1.4743269982,0.29482856272,-0.244473691135,0
-0.425746045743,0.123321610271,0.71037481134,-0.0297083376818,-1.28872034148,0
-0.991227494186,0.406724175264,0.20263722134,-2.75668186612,-0.150815383657,0
0.748468005687,0.807542014068,-0.0370049933453,0.144126677687,-1.15382205526,1
-0.545122869946,0.00119060205305,1.28397763363,0.731419265043,2.03072604709,0
0.678164364305,0.292172258873,2.00896202354,-0.147682353596,0.864246140743,1
0.849712316842,-2.27756575734,-0.164472703835,0.800091134614,-1.44959771486,0
-0.382888463342,1.02027354341,-1.34132035974,-1.28092153257,-1.78061823348,0
1.24161540058,0.876786508178,-0.907072681466,1.24983091015,-3.25936125793,0
-1.50617038129,1.43484340277,-1.5469002128,-0.371204310302,-1.22147851887,1
-0.228055389401,-0.565048785203,0.699303609484,-2.28763374331,-0.0789162655964,0
-0.642793514651,-0.56503716839,-1.01527805902,1.36753159732,1.48632458066,1
-2.04707949818,-0.28028381357,1.15437149883,1.37668772958,0.409389774365,0
-1.33669387405,-0.282498794815,-1.44982457654,2.02598067594,-1.85684721571,1
0.0498075196432,0.2611014786,1.762486772,0.412372956822,0.271978834878,1
-0.0969411139738,-2.46683536489,-1.25971584757,-0.32787992125,-0.129862625291,0
-0.987020370247,-0.765866209603,-1.04717659376,-1.12990887152,-0.101251550697,0
-0.0121143016588,0.829303543384,1.06218740112,-1.02250389785,-2.13592723785,1
-2.10490216477,2.1856567206,0.17002863037,1.26216581491,-0.0348861914158,0
0.364450065823,-1.45922770521,-0.00516817643622,-0.211844165503,0.405619248471,0
0.722990052809,-1.2509312122,0.780583494963,-0.943654113474,1.68255583945,1
-2.23563189898,1.4774661225,-0.877107254084,0.709284547109,0.41610573724,0
0.187928250287,0.671350458162,-1.87532192468,2.30111305314,-1.47366907743,1
-0.520242084163,0.221666319504,0.0698284412831,1.19257447083,0.139305139294,1
0.0654525534135,-1.13945135754,-0.947202510665,0.672837215618,-1.03376758558,1
-0.213042675547,0.0683433883956,0.600484654275,-0.356601240065,1.08414537191,0
0.0669307838001,0.888771790624,0.786059758235,-0.866940790499,0.475547957917,0
-1.21537598696,-2.09705722384,-0.161396371182,0.62403792239,-1.14197024391,0
0.295096593002,1.68555232419,0.492560648288,0.482872534281,0.89466464724,0
-0.457327895021,-0.343702779351,-1.49937507149,-0.183955376507,-0.91331022293,1
1.019800476,1.68152560504,-0.0434532371727,-1.73711524096,0.178225346543,1
-0.824799509636,-0.292906337273,0.273787338933,-0.474939757685,0.95408602702,0
0.836770127538,-1.28121290141,-0.72580491405,1.57452940879,0.187855824912,1
0.739026084623,0.393554836668,0.156521622057,-0.0501757934593,-0.209119422114,0
0.423498200671,-0.121585713357,1.48483344568,-0.327077211547,-0.3063626954,1
-0.93277725893,-0.385087393478,-0.797483047591,0.55345318761,0.337498935564,1
1.18083830562,-0.603761540545,-1.49542149422,1.39649936192,-0.243214328551,0
-0.677023596794,-0.416433601036,-0.216322055306,-0.829953832393,3.04777672131,0
1.06579162863,1.51931890344,0.414297313017,0.499544801263,0.430604559818,0
0.248649336499,-1.15854419263,-0.656108993664,0.402343611743,0.549464490182,0
0.847602306686,-0.446323705304,0.12663566724,0.636619464418,0.994703382304,0
0.910032641743,-0.681741910994,-0.576826165763,0.736341450843,3.00888138821,1
-0.362847043538,-0.505476788022,-0.158613586539,-0.796279946775,-0.296234561221,1
0.932267918948,-0.408047653637,0.531615130569,0.0849554891202,-1.24962478927,1
1.15758707966,0.664243361476,-1.1237033169,2.25282141056,0.793971063009,0
-0.970659078827,-0.981292233896,-0.56745902011,-0.878971829113,-1.54551765791,1
-0.690967981395,-1.46356686235,-0.910313823296,-2.10060767344,-0.257543248467,0
-0.498891302793,-0.406459314375,-0.543682993553,0.349532314757,-1.06101374506,0
-0.156294569076,0.508705475518,0.138326554187,-0.716834847313,0.596818435571,0
-0.720786436295,0.6624511509,0.457387379238,1.17898398648,-0.688405494716,0
-0.0279322324766,0.503221949561,-1.05186297387,-1.2265118626,-0.706444479476,1
2.20762823185,-0.303139486003,0.150983590278,-0.688984018626,-0.633819371451,0
-1.27013652368,-0.14623004768,0.628553493854,-2.07306101821,1.10048605338,0
-0.542368919003,1.73473382384,0.315810055524,0.648487047641,0.366009996924,1
0.537109782896,-0.238006500557,0.0137202900557,1.40557647887,0.00702013132814,0
1.46389848857,0.650946393363,0.746303673116,-0.599087460168,-0.545798741696,1
-1.34648633247,0.441003274428,1.15341363003,-1.20139818897,0.285070657545,0
-0.754908083201,-0.973666213922,-1.04617987958,1.53503172022,0.466203820987,0
-1.7482161977,-0.591300525994,0.568466765446,0.0781775875926,2.05037963302,1
-0.417793843845,-0.196791709127,0.283060951375,-0.201275163896,-0.583711036653,1
0.000362543464295,-2.067795988,0.318144583103,1.27416233111,0.12042966962,1
-1.39262085511,-1.7163883224,-0.518623252542,0.910586253301,-0.107535367991,0
1.22131203306,0.254165241708,-0.516071669736,1.04172300441,-0.958064138922,1
0.430538847721,-0.624787141618,0.672184768919,-0.0176444719845,0.785746086465,1
-0.0627939298359,-0.495724497425,-0.780806765423,-0.137105002312,0.332309579629,0
-0.136676817327,-2.10750977478,1.39844872815,1.0654530038,0.196334606978,0
-0.149920994074,0.953089414574,0.632055376898,-2.75605852711,0.688547090666,1
-0.293581854539,0.379941830488,-0.421620507055,0.572816151448,0.889184509399,0
1.75407707113,0.188080411759,-0.0719725210474,0.198845135574,1.20741761743,1
-0.621725738514,0.86053590982,-1.09561770503,1.0819920174,1.07833474656,1
0.137317989651,0.270267428322,-0.41583864899,0.409797386407,0.323379118769,1
-1.53918407812,-1.22347518415,-0.215189040497,-0.222815201626,-1.28720920615,0
-0.425526060995,-0.098829491543,1.3766394323,-0.988194138443,-0.561363215752,0
-0.652392944668,0.0387349181134,-1.16537127098,0.0460029306255,1.41096953463,1
0.198278081602,-0.731529528959,0.2814625609,0.706730113934,0.723646544397,0
0.848465513264,-0.670201882373,-0.181792070475,-0.244900679274,-0.00981473993643,1
2.04841893561,0.0634771840479,-0.534472445741,-1.51772356697,1.501771698,1
1.21315024728,-0.927125360149,0.760759338123,1.53621863314,-0.921872101559,1
-0.910361107298,-1.39625619314,-1.00973147676,-0.348078189083,0.911612229058,1
0.791025552293,0.023270307716,1.10167656222,0.562992111043,2.39572618854,1
-1.34629544704,0.991504763688,0.0805149344794,-0.394858197849,0.829569183049,1
0.651317515618,0.159159854039,0.935170821925,0.660609106456,0.14774680131,1
0.817630282601,-0.333893999914,0.437320121702,1.23611001648,0.740683063427,0
0.218232193939,0.169735401797,1.26260979784,-0.837465124345,-1.27462922379,1
0.822695223906,-0.236234519049,0.248190229463,-0.860344247363,0.0747407199365,1
-0.601073445547,-0.0462174176765,0.823589995892,-0.00163317265033,1.28495647795,1
-1.48441784019,0.183642908091,-1.49140351987,-0.463316775921,0.992059326385,0
-0.297907613408,0.28300211185,-0.384023047403,0.0413922646696,0.783403004341,0
-0.615144379209,0.0655288583601,-0.829738085876,-0.940445497881,0.349378502146,0
2.34971493131,-1.09409306229,-0.434807391877,0.490781205821,0.839611664945,0
0.00376203933479,0.210076502615,1.95736064194,1.45036541831,-2.85328953341,0
0.156590922272,0.612529735838,0.551976734198,0.0219205409973,-1.31245978833,0
1.31856715162,-1.06830284263,-0.344048906483,-0.575418195164,-1.6498008578,0
0.295564598074,-1.93677136317,-0.0889544765697,-0.908573580883,0.455276766828,1
1.63624223,1.46631196845,1.42219161327,-1.86851966896,1.00241968437,1
-1.74477244537,0.0931541365276,0.547218767019,-0.137431035551,0.566890385097,0
-0.66773899153,-1.11173133246,-0.466524413934,-0.196472834791,0.283994024512,1
-0.46292250596,-1.90659240914,-0.568142603628,-1.54343819123,0.0174195705438,0
1.35479915206,-0.488333477662,-1.86456457955,0.718274377121,-0.353519743432,1
-1.17692172545,-2.33668233532,-0.437874627582,-1.2597555125,-0.475209500483,1
2.05285511258,-0.233112770154,-0.481187156995,0.779377757823,-0.812356431661,0
-1.17628528482,-0.765182774284,0.926297796834,0.734391286272,-1.22271438438,1
1.03180527709,0.355277767559,1.31593541242,1.3236513377,-0.501723252428,0
1.09908654263,-0.39323875421,0.959022223022,-1.15272427844,0.818001061675,1
0.564221641497,0.586683967096,-0.160559526681,0.243537421284,-0.970025185108,0
-0.148526324877,-2.45298644176,-0.47061079109,0.225004269782,1.83817541714,1
0.436459124868,-0.801421608237,-0.0570998701824,1.42492333709,-1.86475540389,1
-0.425585987957,1.89919566369,0.103167142078,-0.36276267681,1.95372291878,0
0.0425805325478,3.03375245553,-0.853560810907,0.32505475558,-0.569074962992,0
0.972681831488,1.54408705262,2.45057682718,0.545679909157,-0.460880494523,1
0.458078524602,-1.32079204913,0.979233172393,-0.0999711889662,0.107717717426,1
-0.249873569478,-0.648313316843,-0.171880253127,2.58271670976,-1.18480128788,1
1.81206488643,0.873052302081,0.776554267215,0.0147772411688,1.39137364606,1
-0.729103958557,0.545164174013,1.67273904699,-0.0654776366109,0.973496694576,0
-0.0855233652644,0.78464226776,1.91961618823,-1.16391358622,-0.253752657474,1
-0.380985335755,-0.887937540109,1.66561033845,0.665912238461,1.34116048511,0
0.273986977597,0.231298562588,-0.0449404578242,0.0551750950454,1.84666466992,0
-0.51710020882,-0.741177920609,-0.797323131092,-0.926377067823,0.0359142636505,1
-0.0134127836433,0.670069384383,-1.34602890955,0.451506723152,-0.877377826964,0
-0.369108765676,-0.884396561239,1.05219418303,1.81079563495,1.16135603667,1
-0.657551443042,-0.345683302374,0.00746692992416,0.709855929882,-0.875583370468,1
-0.468366036214,0.173321152006,0.0833443046016,0.698936966836,0.989484613718,0
0.31182017579,1.94592679905,-0.678215341165,-0.456046954094,0.0424358246285,1
0.935059397673,-1.33993327967,-0.570340586795,1.3991960647,-0.857913196821,1
-1.65327997579,0.806030075386,-2.47820374725,-0.0668808640685,-1.41901300478,1
0.448513826172,0.66963971035,1.88737213314,0.15428105472,-1.16102553785,0
0.514851495103,0.756888297788,1.96988632752,0.755844019609,-0.782772486491,1
-1.06736457265,-0.409386863338,1.67911510855,-1.03975330097,-0.984413142747,0
-0.0995500794079,-0.437616360243,-0.43256168335,1.43446531002,0.565506262311,0
-1.54948325187,0.0729753009609,-0.213616779972,0.956557272863,-0.217614330952,0
-0.970872924772,0.554147192767,1.02565312893,-2.08705063333,-1.09901569254,1
-0.425482271503,-1.07679863112,-0.157083164234,-0.0419235894561,2.60425578114,0
0.788697385659,1.16906908223,0.677629546851,1.83594871255,-1.04444000599,0
-1.43608921612,1.5929030687,0.208612108441,-0.549001071092,0.222136535304,1
3.01792816709,-0.19983410916,-1.0328750905,1.06777183464,1.01157718414,0
-0.923695810628,0.330269024511,-1.27813939536,-0.966505794476,-0.101491555071,1
-1.1598928774,-1.09944401225,0.164359620135,1.32793399551,-0.470042476079,0
0.19245158787,0.89682317072,-0.0283591457141,1.44374814753,-1.18107975085,0
-0.630195833881,0.845373946045,1.0412532091,-0.722009288031,0.389285263035,1
-1.82722335631,0.435278240368,-1.33302617772,0.238798179114,-0.308352109503,0
0.590030212042,-0.265170120611,-2.11838773699,-1.12231290755,0.916028398805,0
-1.46850060347,-1.06091997993,-1.14488895683,-0.996998815339,-1.7681519537,0
-1.00904568026,-1.22142375649,-0.921842335281,-0.951368294596,0.0150886984336,1
0.0720773167412,-0.874690035068,1.11948857504,0.778413914042,1.27454413457,1
-1.99631582192,0.027876844128,-1.50155268209,0.132533817775,0.176469553759,0
-0.942085078706,-0.071082411749,0.280583430843,-0.599072941855,0.0946361031798,1
-1.37143328216,-0.116154843558,1.56607395363,1.24577894637,-1.74557897881,0
0.491460958101,0.106846621921,1.25908461137,0.402598332178,1.14791567888,0
-0.417389210437,0.385073760287,0.0190587594803,0.0995398726472,-1.16452209078,0
-0.769835785395,-0.467352827899,-1.23287284997,2.2576565985,-0.167343781794,0
-0.531674843203,0.537305737199,0.151607730269,-1.2872114313,0.239124466345,1
0.790170207522,-0.0789979090899,1.01079598664,-0.427591635112,1.34545160424,0
0.420508376436,-0.0599434954859,-2.1463775032,1.72618734191,0.526003491946,0
-0.517831115211,-0.942596027228,-0.595848977827,0.830693612836,0.0783627367144,0
0.0690850717905,-0.526739044755,1.304853632,0.568855468095,-0.72065459308,0
-0.207834139427,-0.255244809688,-1.15657651345,0.646730612827,-0.165918809667,0
0.1197974737,-2.1167525549,1.30293515538,0.288311671821,-0.864095667622,0
-0.912286878554,-0.96965140282,0.0613445318669,-2.54082695415,0.417028994133,0
-0.548702336287,-0.182501047972,-0.614889130315,-0.828826911775,2.15295968595,1
0.527140303657,0.876475159656,-0.0844272753833,-0.433537059401,2.10862888497,1
0.239031125807,0.365025448656,-0.187128153403,-1.18772463037,1.06137125644,0
1.16267223887,1.86697059469,-0.182960730157,0.834796654529,2.08751660356,1
-0.210239455336,0.408748847549,0.677766642554,-1.30032988716,1.46726360592,0
-0.896817504617,1.462534473,-1.76096378998,-1.12031197004,-1.01759444595,1
-1.19736363918,0.521857179172,-0.252704555925,1.01301865197,0.707667900468,0
-0.825293736042,-0.0526265571276,-0.577360114198,0.876472051728,0.117327022486,1
2.11427155504,1.34664321809,0.556148332805,-1.2919725155,-0.0635720954581,0
-1.11537624101,1.6235838766,-0.765824459687,0.877646351866,-0.270588200421,1
1.50054784284,0.918922456788,2.76802943627,0.401289966146,-1.21249203129,0
0.871248482786,-0.469696991298,0.669414964401,0.138320709913,-0.382206905325,1
1.10700318804,0.24131682655,-0.0453026410278,-0.308243370212,0.400709251736,0
-1.26421323137,0.265488776457,0.439475878972,-0.374704199183,1.68928421672,0
-1.27895772006,-1.67692978175,0.462135386002,1.29375700259,0.0584879544686,0
0.351100232817,-0.144274003035,-1.49907980775,-0.849422703323,-0.626085318319,1
-1.63371663767,0.897324521806,-1.675951063,2.19252726407,1.5981137757,0
-1.66713205391,0.910237960778,-0.262231294906,0.883446720798,-1.68941265188,0
1.96238361229,-1.54445566421,2.44430353118,-0.217450812039,-2.04110890222,0
-0.516794143214,-1.34402367088,-0.969343655881,-1.31050979357,0.284076754171,0
-2.25639997705,-0.305156927151,0.935476683689,-1.44982245063,0.563899183869,0
-0.685409203637,-0.255030917619,0.383467831149,-1.46178030351,-0.0390137963977,1
1.69859081665,0.123436193538,-0.161411620024,-0.828503472966,0.222661598666,0
-0.603327367368,1.59522466,0.526178109385,-0.26827248908,0.557894065439,0
-0.443599589372,-0.384655452036,-1.05371334301,-0.625388164308,0.430433186089,0
-1.10341872206,-0.490061821752,-0.0359532831871,-1.61539387344,1.1027828061,1
-0.613980985836,0.912236702406,1.25733262705,0.141470828877,-0.536588849906,0
-0.582765851199,-1.65268475459,-0.754566895749,-0.0140268914271,-0.734419197966,1
-0.817664217441,0.40367964403,-1.86968198552,0.0161495046688,0.36032489448,1
0.288273952192,1.17312258531,-0.837650333629,-0.694588920018,-1.75164894164,0
